Instancja;Czas;Jednostka;Wynik;Iteracji;Populacja;RandomNodes;praw.Mutacja;krzy¿owanie;selekcja;mutacja;elitism;memetic;czas;;;;;;;;;;;;;;;
ftv44.atsp;10003;ms;1668;261;150;3;0.15;2;1;2;5;1;10;;;;;;;;;;;;;;;
ftv44.atsp;10012;ms;1660;264;150;3;0.15;2;1;2;5;1;10;;;;;;;;;;;;;;;
ftv44.atsp;10013;ms;1702;249;150;3;0.15;2;1;2;5;1;10;;ftv44.atsp;1;1657,18;1613;1613;2,74%;;;ft53.atsp;1;7354,48;6967;6905;6,51%
ftv44.atsp;10024;ms;1680;244;150;3;0.15;2;1;2;5;1;10;;ftv44.atsp;2;1683,7;1623;1613;4,38%;;;ft53.atsp;2;7470,68;6975;6905;8,19%
ftv44.atsp;10014;ms;1623;255;150;3;0.15;2;1;2;5;1;10;;ftv44.atsp;3;1718,56;1640;1613;6,54%;;;ft53.atsp;3;7624,94;7113;6905;10,43%
ftv44.atsp;10026;ms;1658;263;150;3;0.15;2;1;2;5;1;10;;;;;;;;;;;;;;;
ftv44.atsp;10026;ms;1662;265;150;3;0.15;2;1;2;5;1;10;;;;;;;;;;;;;;;
ftv44.atsp;10022;ms;1695;265;150;3;0.15;2;1;2;5;1;10;;ftv55.atsp;1;1697,36;1608;1608;5,56%;;;ftv64.atsp;1;1943,48;1858;1839;5,68%
ftv44.atsp;10005;ms;1694;266;150;3;0.15;2;1;2;5;1;10;;ftv55.atsp;2;1716,76;1618;1608;6,76%;;;ftv64.atsp;2;1920,18;1858;1839;4,41%
ftv44.atsp;10026;ms;1623;261;150;3;0.15;2;1;2;5;1;10;;ftv55.atsp;3;1795,98;1620;1608;11,69%;;;ftv64.atsp;3;2010,8;1858;1839;9,34%
ftv44.atsp;10021;ms;1623;262;150;3;0.15;2;1;2;5;1;10;;;;;;;;;;;;;;;
ftv44.atsp;10028;ms;1627;265;150;3;0.15;2;1;2;5;1;10;;;;;;;;;;;;;;;
ftv44.atsp;10006;ms;1623;265;150;3;0.15;2;1;2;5;1;10;;;;;;;;;;;;;;;
ftv44.atsp;10006;ms;1713;267;150;3;0.15;2;1;2;5;1;10;;ftv47.atsp;1;1862,02;1784;1776;4,84%;;;;;;;;
ftv44.atsp;10018;ms;1674;261;150;3;0.15;2;1;2;5;1;10;;ftv47.atsp;2;1878,94;1776;1776;5,80%;;;;;;;;
ftv44.atsp;10005;ms;1713;268;150;3;0.15;2;1;2;5;1;10;;ftv47.atsp;3;1930,82;1826;1776;8,72%;;;;;;;;
ftv44.atsp;10026;ms;1671;268;150;3;0.15;2;1;2;5;1;10;;;;;;;;;;;;;;;
ftv44.atsp;10019;ms;1677;254;150;3;0.15;2;1;2;5;1;10;;;;;;;;;;;;;;;
ftv44.atsp;10019;ms;1623;267;150;3;0.15;2;1;2;5;1;10;;;;;;;;;;;;;;;
ftv44.atsp;10000;ms;1669;268;150;3;0.15;2;1;2;5;1;10;;;;;;;;;;;;;;;
ftv44.atsp;10017;ms;1659;268;150;3;0.15;2;1;2;5;1;10;;;;;;;;;;;;;;;
ftv44.atsp;10017;ms;1655;265;150;3;0.15;2;1;2;5;1;10;;;;;;;;;;;;;;;
ftv44.atsp;10022;ms;1623;268;150;3;0.15;2;1;2;5;1;10;;;;;;;;;;;;;;;
ftv44.atsp;10004;ms;1684;268;150;3;0.15;2;1;2;5;1;10;;;;;;;;;;;;;;;
ftv44.atsp;10001;ms;1673;268;150;3;0.15;2;1;2;5;1;10;;;;;;;;;;;;;;;
ftv44.atsp;10021;ms;1623;268;150;3;0.15;2;1;2;5;1;10;;;;;;;;;;;;;;;
ftv44.atsp;10030;ms;1705;266;150;3;0.15;2;1;2;5;1;10;;;;;;;;;;;;;;;
ftv44.atsp;10018;ms;1622;267;150;3;0.15;2;1;2;5;1;10;;;;;;;;;;;;;;;
ftv44.atsp;10021;ms;1648;265;150;3;0.15;2;1;2;5;1;10;;;;;;;;;;;;;;;
ftv44.atsp;10025;ms;1623;269;150;3;0.15;2;1;2;5;1;10;;;;;;;;;;;;;;;
ftv44.atsp;10028;ms;1722;269;150;3;0.15;2;1;2;5;1;10;;;;;;;;;;;;;;;
ftv44.atsp;10007;ms;1662;266;150;3;0.15;2;1;2;5;1;10;;;;;;;;;;;;;;;
ftv44.atsp;10001;ms;1623;268;150;3;0.15;2;1;2;5;1;10;;;;;;;;;;;;;;;
ftv44.atsp;10022;ms;1695;267;150;3;0.15;2;1;2;5;1;10;;;;;;;;;;;;;;;
ftv44.atsp;10021;ms;1661;264;150;3;0.15;2;1;2;5;1;10;;;;;;;;;;;;;;;
ftv44.atsp;10003;ms;1632;267;150;3;0.15;2;1;2;5;1;10;;;;;;;;;;;;;;;
ftv44.atsp;10000;ms;1623;266;150;3;0.15;2;1;2;5;1;10;;;;;;;;;;;;;;;
ftv44.atsp;10001;ms;1632;268;150;3;0.15;2;1;2;5;1;10;;;;;;;;;;;;;;;
ftv44.atsp;10022;ms;1632;266;150;3;0.15;2;1;2;5;1;10;;;;;;;;;;;;;;;
ftv44.atsp;10013;ms;1623;265;150;3;0.15;2;1;2;5;1;10;;;;;;;;;;;;;;;
ftv44.atsp;10001;ms;1613;265;150;3;0.15;2;1;2;5;1;10;;;;;;;;;;;;;;;
ftv44.atsp;10004;ms;1613;267;150;3;0.15;2;1;2;5;1;10;;;;;;;;;;;;;;;
ftv44.atsp;10026;ms;1653;268;150;3;0.15;2;1;2;5;1;10;;;;;;;;;;;;;;;
ftv44.atsp;10001;ms;1696;267;150;3;0.15;2;1;2;5;1;10;;;;;;;;;;;;;;;
ftv44.atsp;10012;ms;1667;267;150;3;0.15;2;1;2;5;1;10;;;;;;;;;;;;;;;
ftv44.atsp;10009;ms;1623;266;150;3;0.15;2;1;2;5;1;10;;;;;;;;;;;;;;;
ftv44.atsp;10000;ms;1669;268;150;3;0.15;2;1;2;5;1;10;;;;;;;;;;;;;;;
ftv44.atsp;10017;ms;1660;265;150;3;0.15;2;1;2;5;1;10;;;;;;;;;;;;;;;
ftv44.atsp;10007;ms;1665;266;150;3;0.15;2;1;2;5;1;10;;;;;;;;;;;;;;;
ftv44.atsp;10014;ms;1702;267;150;3;0.15;2;1;2;5;1;10;1657,18;1613;267;;;;;;;;;;;;
ftv44.atsp;10004;ms;1681;239;150;3;0.15;2;2;2;5;1;10;;;;;;;;;;;;;;;
ftv44.atsp;10032;ms;1682;238;150;3;0.15;2;2;2;5;1;10;;;;;;;;;;;;;;;
ftv44.atsp;10024;ms;1623;239;150;3;0.15;2;2;2;5;1;10;;;;;;;;;;;;;;;
ftv44.atsp;10035;ms;1696;239;150;3;0.15;2;2;2;5;1;10;;;;;;;;;;;;;;;
ftv44.atsp;10025;ms;1708;240;150;3;0.15;2;2;2;5;1;10;;;;;;;;;;;;;;;
ftv44.atsp;10003;ms;1623;238;150;3;0.15;2;2;2;5;1;10;;;;;;;;;;;;;;;
ftv44.atsp;10012;ms;1720;238;150;3;0.15;2;2;2;5;1;10;;;;;;;;;;;;;;;
ftv44.atsp;10011;ms;1650;239;150;3;0.15;2;2;2;5;1;10;;;;;;;;;;;;;;;
ftv44.atsp;10023;ms;1662;239;150;3;0.15;2;2;2;5;1;10;;;;;;;;;;;;;;;
ftv44.atsp;10029;ms;1737;238;150;3;0.15;2;2;2;5;1;10;;;;;;;;;;;;;;;
ftv44.atsp;10019;ms;1627;238;150;3;0.15;2;2;2;5;1;10;;;;;;;;;;;;;;;
ftv44.atsp;10024;ms;1731;238;150;3;0.15;2;2;2;5;1;10;;;;;;;;;;;;;;;
ftv44.atsp;10034;ms;1640;239;150;3;0.15;2;2;2;5;1;10;;;;;;;;;;;;;;;
ftv44.atsp;10016;ms;1669;236;150;3;0.15;2;2;2;5;1;10;;;;;;;;;;;;;;;
ftv44.atsp;10003;ms;1646;234;150;3;0.15;2;2;2;5;1;10;;;;;;;;;;;;;;;
ftv44.atsp;10034;ms;1659;238;150;3;0.15;2;2;2;5;1;10;;;;;;;;;;;;;;;
ftv44.atsp;10012;ms;1721;237;150;3;0.15;2;2;2;5;1;10;;;;;;;;;;;;;;;
ftv44.atsp;10014;ms;1695;236;150;3;0.15;2;2;2;5;1;10;;;;;;;;;;;;;;;
ftv44.atsp;10007;ms;1650;237;150;3;0.15;2;2;2;5;1;10;;;;;;;;;;;;;;;
ftv44.atsp;10026;ms;1727;239;150;3;0.15;2;2;2;5;1;10;;;;;;;;;;;;;;;
ftv44.atsp;10022;ms;1681;239;150;3;0.15;2;2;2;5;1;10;;;;;;;;;;;;;;;
ftv44.atsp;10022;ms;1695;239;150;3;0.15;2;2;2;5;1;10;;;;;;;;;;;;;;;
ftv44.atsp;10035;ms;1659;238;150;3;0.15;2;2;2;5;1;10;;;;;;;;;;;;;;;
ftv44.atsp;10026;ms;1679;238;150;3;0.15;2;2;2;5;1;10;;;;;;;;;;;;;;;
ftv44.atsp;10034;ms;1692;239;150;3;0.15;2;2;2;5;1;10;;;;;;;;;;;;;;;
ftv44.atsp;10012;ms;1761;239;150;3;0.15;2;2;2;5;1;10;;;;;;;;;;;;;;;
ftv44.atsp;10030;ms;1717;240;150;3;0.15;2;2;2;5;1;10;;;;;;;;;;;;;;;
ftv44.atsp;10000;ms;1659;239;150;3;0.15;2;2;2;5;1;10;;;;;;;;;;;;;;;
ftv44.atsp;10018;ms;1649;238;150;3;0.15;2;2;2;5;1;10;;;;;;;;;;;;;;;
ftv44.atsp;10022;ms;1650;238;150;3;0.15;2;2;2;5;1;10;;;;;;;;;;;;;;;
ftv44.atsp;10006;ms;1716;236;150;3;0.15;2;2;2;5;1;10;;;;;;;;;;;;;;;
ftv44.atsp;10014;ms;1669;238;150;3;0.15;2;2;2;5;1;10;;;;;;;;;;;;;;;
ftv44.atsp;10000;ms;1698;237;150;3;0.15;2;2;2;5;1;10;;;;;;;;;;;;;;;
ftv44.atsp;10030;ms;1731;240;150;3;0.15;2;2;2;5;1;10;;;;;;;;;;;;;;;
ftv44.atsp;10022;ms;1730;240;150;3;0.15;2;2;2;5;1;10;;;;;;;;;;;;;;;
ftv44.atsp;10001;ms;1623;238;150;3;0.15;2;2;2;5;1;10;;;;;;;;;;;;;;;
ftv44.atsp;10000;ms;1676;238;150;3;0.15;2;2;2;5;1;10;;;;;;;;;;;;;;;
ftv44.atsp;10026;ms;1709;239;150;3;0.15;2;2;2;5;1;10;;;;;;;;;;;;;;;
ftv44.atsp;10015;ms;1659;238;150;3;0.15;2;2;2;5;1;10;;;;;;;;;;;;;;;
ftv44.atsp;10015;ms;1710;239;150;3;0.15;2;2;2;5;1;10;;;;;;;;;;;;;;;
ftv44.atsp;10002;ms;1698;239;150;3;0.15;2;2;2;5;1;10;;;;;;;;;;;;;;;
ftv44.atsp;10037;ms;1700;237;150;3;0.15;2;2;2;5;1;10;;;;;;;;;;;;;;;
ftv44.atsp;10014;ms;1650;239;150;3;0.15;2;2;2;5;1;10;;;;;;;;;;;;;;;
ftv44.atsp;10012;ms;1669;236;150;3;0.15;2;2;2;5;1;10;;;;;;;;;;;;;;;
ftv44.atsp;10007;ms;1685;238;150;3;0.15;2;2;2;5;1;10;;;;;;;;;;;;;;;
ftv44.atsp;10023;ms;1693;240;150;3;0.15;2;2;2;5;1;10;;;;;;;;;;;;;;;
ftv44.atsp;10030;ms;1730;239;150;3;0.15;2;2;2;5;1;10;;;;;;;;;;;;;;;
ftv44.atsp;10030;ms;1710;240;150;3;0.15;2;2;2;5;1;10;;;;;;;;;;;;;;;
ftv44.atsp;10032;ms;1650;239;150;3;0.15;2;2;2;5;1;10;;;;;;;;;;;;;;;
ftv44.atsp;10026;ms;1690;239;150;3;0.15;2;2;2;5;1;10;1683,7;1623;239;;;;;;;;;;;;
ftv44.atsp;10014;ms;1766;256;150;3;0.15;2;3;2;5;1;10;;;;;;;;;;;;;;;
ftv44.atsp;10010;ms;1699;257;150;3;0.15;2;3;2;5;1;10;;;;;;;;;;;;;;;
ftv44.atsp;10030;ms;1713;253;150;3;0.15;2;3;2;5;1;10;;;;;;;;;;;;;;;
ftv44.atsp;10000;ms;1669;256;150;3;0.15;2;3;2;5;1;10;;;;;;;;;;;;;;;
ftv44.atsp;10003;ms;1716;256;150;3;0.15;2;3;2;5;1;10;;;;;;;;;;;;;;;
ftv44.atsp;10001;ms;1730;255;150;3;0.15;2;3;2;5;1;10;;;;;;;;;;;;;;;
ftv44.atsp;10016;ms;1729;257;150;3;0.15;2;3;2;5;1;10;;;;;;;;;;;;;;;
ftv44.atsp;10002;ms;1726;253;150;3;0.15;2;3;2;5;1;10;;;;;;;;;;;;;;;
ftv44.atsp;10017;ms;1788;257;150;3;0.15;2;3;2;5;1;10;;;;;;;;;;;;;;;
ftv44.atsp;10027;ms;1730;257;150;3;0.15;2;3;2;5;1;10;;;;;;;;;;;;;;;
ftv44.atsp;10017;ms;1757;256;150;3;0.15;2;3;2;5;1;10;;;;;;;;;;;;;;;
ftv44.atsp;10016;ms;1768;257;150;3;0.15;2;3;2;5;1;10;;;;;;;;;;;;;;;
ftv44.atsp;10003;ms;1659;257;150;3;0.15;2;3;2;5;1;10;;;;;;;;;;;;;;;
ftv44.atsp;10011;ms;1650;255;150;3;0.15;2;3;2;5;1;10;;;;;;;;;;;;;;;
ftv44.atsp;10021;ms;1640;257;150;3;0.15;2;3;2;5;1;10;;;;;;;;;;;;;;;
ftv44.atsp;10031;ms;1730;257;150;3;0.15;2;3;2;5;1;10;;;;;;;;;;;;;;;
ftv44.atsp;10026;ms;1659;257;150;3;0.15;2;3;2;5;1;10;;;;;;;;;;;;;;;
ftv44.atsp;10000;ms;1685;256;150;3;0.15;2;3;2;5;1;10;;;;;;;;;;;;;;;
ftv44.atsp;10027;ms;1716;255;150;3;0.15;2;3;2;5;1;10;;;;;;;;;;;;;;;
ftv44.atsp;10008;ms;1793;257;150;3;0.15;2;3;2;5;1;10;;;;;;;;;;;;;;;
ftv44.atsp;10026;ms;1721;256;150;3;0.15;2;3;2;5;1;10;;;;;;;;;;;;;;;
ftv44.atsp;10020;ms;1730;254;150;3;0.15;2;3;2;5;1;10;;;;;;;;;;;;;;;
ftv44.atsp;10002;ms;1730;256;150;3;0.15;2;3;2;5;1;10;;;;;;;;;;;;;;;
ftv44.atsp;10009;ms;1698;256;150;3;0.15;2;3;2;5;1;10;;;;;;;;;;;;;;;
ftv44.atsp;10028;ms;1787;253;150;3;0.15;2;3;2;5;1;10;;;;;;;;;;;;;;;
ftv44.atsp;10014;ms;1691;255;150;3;0.15;2;3;2;5;1;10;;;;;;;;;;;;;;;
ftv44.atsp;10025;ms;1777;257;150;3;0.15;2;3;2;5;1;10;;;;;;;;;;;;;;;
ftv44.atsp;10021;ms;1685;256;150;3;0.15;2;3;2;5;1;10;;;;;;;;;;;;;;;
ftv44.atsp;10002;ms;1650;255;150;3;0.15;2;3;2;5;1;10;;;;;;;;;;;;;;;
ftv44.atsp;10020;ms;1691;256;150;3;0.15;2;3;2;5;1;10;;;;;;;;;;;;;;;
ftv44.atsp;10018;ms;1669;255;150;3;0.15;2;3;2;5;1;10;;;;;;;;;;;;;;;
ftv44.atsp;10029;ms;1730;257;150;3;0.15;2;3;2;5;1;10;;;;;;;;;;;;;;;
ftv44.atsp;10031;ms;1729;255;150;3;0.15;2;3;2;5;1;10;;;;;;;;;;;;;;;
ftv44.atsp;10020;ms;1704;255;150;3;0.15;2;3;2;5;1;10;;;;;;;;;;;;;;;
ftv44.atsp;10010;ms;1761;256;150;3;0.15;2;3;2;5;1;10;;;;;;;;;;;;;;;
ftv44.atsp;10004;ms;1719;252;150;3;0.15;2;3;2;5;1;10;;;;;;;;;;;;;;;
ftv44.atsp;10012;ms;1814;256;150;3;0.15;2;3;2;5;1;10;;;;;;;;;;;;;;;
ftv44.atsp;10024;ms;1640;256;150;3;0.15;2;3;2;5;1;10;;;;;;;;;;;;;;;
ftv44.atsp;10018;ms;1730;254;150;3;0.15;2;3;2;5;1;10;;;;;;;;;;;;;;;
ftv44.atsp;10008;ms;1699;257;150;3;0.15;2;3;2;5;1;10;;;;;;;;;;;;;;;
ftv44.atsp;10034;ms;1681;258;150;3;0.15;2;3;2;5;1;10;;;;;;;;;;;;;;;
ftv44.atsp;10021;ms;1730;257;150;3;0.15;2;3;2;5;1;10;;;;;;;;;;;;;;;
ftv44.atsp;10032;ms;1730;257;150;3;0.15;2;3;2;5;1;10;;;;;;;;;;;;;;;
ftv44.atsp;10020;ms;1731;256;150;3;0.15;2;3;2;5;1;10;;;;;;;;;;;;;;;
ftv44.atsp;10033;ms;1703;254;150;3;0.15;2;3;2;5;1;10;;;;;;;;;;;;;;;
ftv44.atsp;10011;ms;1762;256;150;3;0.15;2;3;2;5;1;10;;;;;;;;;;;;;;;
ftv44.atsp;10017;ms;1766;255;150;3;0.15;2;3;2;5;1;10;;;;;;;;;;;;;;;
ftv44.atsp;10007;ms;1755;253;150;3;0.15;2;3;2;5;1;10;;;;;;;;;;;;;;;
ftv44.atsp;10003;ms;1646;257;150;3;0.15;2;3;2;5;1;10;;;;;;;;;;;;;;;
ftv44.atsp;10025;ms;1746;257;150;3;0.15;2;3;2;5;1;10;1718,56;1640;257;;;;;;;;;;;;
ft53.atsp;10020;ms;7768;169;150;3;0.15;2;1;2;5;1;10;;;;;;;;;;;;;;;
ft53.atsp;10013;ms;7198;170;150;3;0.15;2;1;2;5;1;10;;;;;;;;;;;;;;;
ft53.atsp;10006;ms;7331;169;150;3;0.15;2;1;2;5;1;10;;;;;;;;;;;;;;;
ft53.atsp;10013;ms;7477;169;150;3;0.15;2;1;2;5;1;10;;;;;;;;;;;;;;;
ft53.atsp;10028;ms;7259;169;150;3;0.15;2;1;2;5;1;10;;;;;;;;;;;;;;;
ft53.atsp;10038;ms;7575;170;150;3;0.15;2;1;2;5;1;10;;;;;;;;;;;;;;;
ft53.atsp;10029;ms;7257;166;150;3;0.15;2;1;2;5;1;10;;;;;;;;;;;;;;;
ft53.atsp;10036;ms;7326;170;150;3;0.15;2;1;2;5;1;10;;;;;;;;;;;;;;;
ft53.atsp;10029;ms;7152;168;150;3;0.15;2;1;2;5;1;10;;;;;;;;;;;;;;;
ft53.atsp;10039;ms;7490;170;150;3;0.15;2;1;2;5;1;10;;;;;;;;;;;;;;;
ft53.atsp;10024;ms;7182;168;150;3;0.15;2;1;2;5;1;10;;;;;;;;;;;;;;;
ft53.atsp;10031;ms;7864;168;150;3;0.15;2;1;2;5;1;10;;;;;;;;;;;;;;;
ft53.atsp;10022;ms;7259;169;150;3;0.15;2;1;2;5;1;10;;;;;;;;;;;;;;;
ft53.atsp;10036;ms;7645;167;150;3;0.15;2;1;2;5;1;10;;;;;;;;;;;;;;;
ft53.atsp;10027;ms;7648;170;150;3;0.15;2;1;2;5;1;10;;;;;;;;;;;;;;;
ft53.atsp;10012;ms;7303;169;150;3;0.15;2;1;2;5;1;10;;;;;;;;;;;;;;;
ft53.atsp;10033;ms;7535;169;150;3;0.15;2;1;2;5;1;10;;;;;;;;;;;;;;;
ft53.atsp;10002;ms;7315;166;150;3;0.15;2;1;2;5;1;10;;;;;;;;;;;;;;;
ft53.atsp;10011;ms;7495;170;150;3;0.15;2;1;2;5;1;10;;;;;;;;;;;;;;;
ft53.atsp;10002;ms;7047;167;150;3;0.15;2;1;2;5;1;10;;;;;;;;;;;;;;;
ft53.atsp;10030;ms;7106;170;150;3;0.15;2;1;2;5;1;10;;;;;;;;;;;;;;;
ft53.atsp;10040;ms;7446;170;150;3;0.15;2;1;2;5;1;10;;;;;;;;;;;;;;;
ft53.atsp;10035;ms;6978;170;150;3;0.15;2;1;2;5;1;10;;;;;;;;;;;;;;;
ft53.atsp;10013;ms;7057;168;150;3;0.15;2;1;2;5;1;10;;;;;;;;;;;;;;;
ft53.atsp;10020;ms;7357;169;150;3;0.15;2;1;2;5;1;10;;;;;;;;;;;;;;;
ft53.atsp;10025;ms;7427;170;150;3;0.15;2;1;2;5;1;10;;;;;;;;;;;;;;;
ft53.atsp;10011;ms;7649;169;150;3;0.15;2;1;2;5;1;10;;;;;;;;;;;;;;;
ft53.atsp;10033;ms;7408;170;150;3;0.15;2;1;2;5;1;10;;;;;;;;;;;;;;;
ft53.atsp;10010;ms;7388;170;150;3;0.15;2;1;2;5;1;10;;;;;;;;;;;;;;;
ft53.atsp;10010;ms;7106;169;150;3;0.15;2;1;2;5;1;10;;;;;;;;;;;;;;;
ft53.atsp;10042;ms;7615;171;150;3;0.15;2;1;2;5;1;10;;;;;;;;;;;;;;;
ft53.atsp;10012;ms;7023;168;150;3;0.15;2;1;2;5;1;10;;;;;;;;;;;;;;;
ft53.atsp;10045;ms;7401;166;150;3;0.15;2;1;2;5;1;10;;;;;;;;;;;;;;;
ft53.atsp;10042;ms;7245;167;150;3;0.15;2;1;2;5;1;10;;;;;;;;;;;;;;;
ft53.atsp;10032;ms;7200;167;150;3;0.15;2;1;2;5;1;10;;;;;;;;;;;;;;;
ft53.atsp;10014;ms;7231;166;150;3;0.15;2;1;2;5;1;10;;;;;;;;;;;;;;;
ft53.atsp;10010;ms;7278;168;150;3;0.15;2;1;2;5;1;10;;;;;;;;;;;;;;;
ft53.atsp;10024;ms;7043;165;150;3;0.15;2;1;2;5;1;10;;;;;;;;;;;;;;;
ft53.atsp;10035;ms;7346;169;150;3;0.15;2;1;2;5;1;10;;;;;;;;;;;;;;;
ft53.atsp;10017;ms;7417;169;150;3;0.15;2;1;2;5;1;10;;;;;;;;;;;;;;;
ft53.atsp;10017;ms;7331;169;150;3;0.15;2;1;2;5;1;10;;;;;;;;;;;;;;;
ft53.atsp;10021;ms;7634;170;150;3;0.15;2;1;2;5;1;10;;;;;;;;;;;;;;;
ft53.atsp;10042;ms;7626;170;150;3;0.15;2;1;2;5;1;10;;;;;;;;;;;;;;;
ft53.atsp;10026;ms;7660;169;150;3;0.15;2;1;2;5;1;10;;;;;;;;;;;;;;;
ft53.atsp;10036;ms;6967;169;150;3;0.15;2;1;2;5;1;10;;;;;;;;;;;;;;;
ft53.atsp;10003;ms;7427;169;150;3;0.15;2;1;2;5;1;10;;;;;;;;;;;;;;;
ft53.atsp;10021;ms;7143;170;150;3;0.15;2;1;2;5;1;10;;;;;;;;;;;;;;;
ft53.atsp;10043;ms;7174;169;150;3;0.15;2;1;2;5;1;10;;;;;;;;;;;;;;;
ft53.atsp;10004;ms;7394;170;150;3;0.15;2;1;2;5;1;10;;;;;;;;;;;;;;;
ft53.atsp;10025;ms;7521;169;150;3;0.15;2;1;2;5;1;10;7354,48;6967;169;;;;;;;;;;;;
ft53.atsp;10011;ms;7382;152;150;3;0.15;2;2;2;5;1;10;;;;;;;;;;;;;;;
ft53.atsp;10024;ms;7450;157;150;3;0.15;2;2;2;5;1;10;;;;;;;;;;;;;;;
ft53.atsp;10038;ms;7488;152;150;3;0.15;2;2;2;5;1;10;;;;;;;;;;;;;;;
ft53.atsp;10019;ms;7811;152;150;3;0.15;2;2;2;5;1;10;;;;;;;;;;;;;;;
ft53.atsp;10034;ms;7248;152;150;3;0.15;2;2;2;5;1;10;;;;;;;;;;;;;;;
ft53.atsp;10000;ms;7493;152;150;3;0.15;2;2;2;5;1;10;;;;;;;;;;;;;;;
ft53.atsp;10036;ms;7444;151;150;3;0.15;2;2;2;5;1;10;;;;;;;;;;;;;;;
ft53.atsp;10017;ms;6975;152;150;3;0.15;2;2;2;5;1;10;;;;;;;;;;;;;;;
ft53.atsp;10002;ms;7300;151;150;3;0.15;2;2;2;5;1;10;;;;;;;;;;;;;;;
ft53.atsp;10019;ms;7571;151;150;3;0.15;2;2;2;5;1;10;;;;;;;;;;;;;;;
ft53.atsp;10042;ms;7342;158;150;3;0.15;2;2;2;5;1;10;;;;;;;;;;;;;;;
ft53.atsp;10006;ms;7248;157;150;3;0.15;2;2;2;5;1;10;;;;;;;;;;;;;;;
ft53.atsp;10046;ms;7726;152;150;3;0.15;2;2;2;5;1;10;;;;;;;;;;;;;;;
ft53.atsp;10019;ms;7516;150;150;3;0.15;2;2;2;5;1;10;;;;;;;;;;;;;;;
ft53.atsp;10046;ms;7331;151;150;3;0.15;2;2;2;5;1;10;;;;;;;;;;;;;;;
ft53.atsp;10028;ms;7649;156;150;3;0.15;2;2;2;5;1;10;;;;;;;;;;;;;;;
ft53.atsp;10043;ms;7607;152;150;3;0.15;2;2;2;5;1;10;;;;;;;;;;;;;;;
ft53.atsp;10035;ms;7207;157;150;3;0.15;2;2;2;5;1;10;;;;;;;;;;;;;;;
ft53.atsp;10008;ms;7620;157;150;3;0.15;2;2;2;5;1;10;;;;;;;;;;;;;;;
ft53.atsp;10006;ms;7575;150;150;3;0.15;2;2;2;5;1;10;;;;;;;;;;;;;;;
ft53.atsp;10046;ms;7773;152;150;3;0.15;2;2;2;5;1;10;;;;;;;;;;;;;;;
ft53.atsp;10026;ms;7347;156;150;3;0.15;2;2;2;5;1;10;;;;;;;;;;;;;;;
ft53.atsp;10040;ms;7450;151;150;3;0.15;2;2;2;5;1;10;;;;;;;;;;;;;;;
ft53.atsp;10035;ms;7309;152;150;3;0.15;2;2;2;5;1;10;;;;;;;;;;;;;;;
ft53.atsp;10006;ms;7634;150;150;3;0.15;2;2;2;5;1;10;;;;;;;;;;;;;;;
ft53.atsp;10003;ms;7593;151;150;3;0.15;2;2;2;5;1;10;;;;;;;;;;;;;;;
ft53.atsp;10035;ms;7248;151;150;3;0.15;2;2;2;5;1;10;;;;;;;;;;;;;;;
ft53.atsp;10011;ms;7382;150;150;3;0.15;2;2;2;5;1;10;;;;;;;;;;;;;;;
ft53.atsp;10042;ms;7444;151;150;3;0.15;2;2;2;5;1;10;;;;;;;;;;;;;;;
ft53.atsp;10034;ms;7215;152;150;3;0.15;2;2;2;5;1;10;;;;;;;;;;;;;;;
ft53.atsp;10048;ms;7548;151;150;3;0.15;2;2;2;5;1;10;;;;;;;;;;;;;;;
ft53.atsp;10010;ms;7532;150;150;3;0.15;2;2;2;5;1;10;;;;;;;;;;;;;;;
ft53.atsp;10017;ms;7151;151;150;3;0.15;2;2;2;5;1;10;;;;;;;;;;;;;;;
ft53.atsp;10035;ms;7743;157;150;3;0.15;2;2;2;5;1;10;;;;;;;;;;;;;;;
ft53.atsp;10038;ms;7628;157;150;3;0.15;2;2;2;5;1;10;;;;;;;;;;;;;;;
ft53.atsp;10040;ms;7977;152;150;3;0.15;2;2;2;5;1;10;;;;;;;;;;;;;;;
ft53.atsp;10009;ms;7326;151;150;3;0.15;2;2;2;5;1;10;;;;;;;;;;;;;;;
ft53.atsp;10036;ms;7331;151;150;3;0.15;2;2;2;5;1;10;;;;;;;;;;;;;;;
ft53.atsp;10021;ms;7448;151;150;3;0.15;2;2;2;5;1;10;;;;;;;;;;;;;;;
ft53.atsp;10017;ms;7391;149;150;3;0.15;2;2;2;5;1;10;;;;;;;;;;;;;;;
ft53.atsp;10046;ms;7686;152;150;3;0.15;2;2;2;5;1;10;;;;;;;;;;;;;;;
ft53.atsp;10039;ms;7426;157;150;3;0.15;2;2;2;5;1;10;;;;;;;;;;;;;;;
ft53.atsp;10008;ms;7630;155;150;3;0.15;2;2;2;5;1;10;;;;;;;;;;;;;;;
ft53.atsp;10037;ms;7342;149;150;3;0.15;2;2;2;5;1;10;;;;;;;;;;;;;;;
ft53.atsp;10010;ms;7347;150;150;3;0.15;2;2;2;5;1;10;;;;;;;;;;;;;;;
ft53.atsp;10001;ms;7683;146;150;3;0.15;2;2;2;5;1;10;;;;;;;;;;;;;;;
ft53.atsp;10047;ms;7434;148;150;3;0.15;2;2;2;5;1;10;;;;;;;;;;;;;;;
ft53.atsp;10008;ms;7693;145;150;3;0.15;2;2;2;5;1;10;;;;;;;;;;;;;;;
ft53.atsp;10008;ms;7315;148;150;3;0.15;2;2;2;5;1;10;;;;;;;;;;;;;;;
ft53.atsp;10041;ms;7525;153;150;3;0.15;2;2;2;5;1;10;7470,68;6975;153;;;;;;;;;;;;
ft53.atsp;10016;ms;7568;161;150;3;0.15;2;3;2;5;1;10;;;;;;;;;;;;;;;
ft53.atsp;10024;ms;7619;164;150;3;0.15;2;3;2;5;1;10;;;;;;;;;;;;;;;
ft53.atsp;10010;ms;7825;163;150;3;0.15;2;3;2;5;1;10;;;;;;;;;;;;;;;
ft53.atsp;10024;ms;7827;159;150;3;0.15;2;3;2;5;1;10;;;;;;;;;;;;;;;
ft53.atsp;10031;ms;7324;163;150;3;0.15;2;3;2;5;1;10;;;;;;;;;;;;;;;
ft53.atsp;10039;ms;7490;166;150;3;0.15;2;3;2;5;1;10;;;;;;;;;;;;;;;
ft53.atsp;10015;ms;7634;166;150;3;0.15;2;3;2;5;1;10;;;;;;;;;;;;;;;
ft53.atsp;10015;ms;7923;162;150;3;0.15;2;3;2;5;1;10;;;;;;;;;;;;;;;
ft53.atsp;10023;ms;7625;165;150;3;0.15;2;3;2;5;1;10;;;;;;;;;;;;;;;
ft53.atsp;10044;ms;7193;165;150;3;0.15;2;3;2;5;1;10;;;;;;;;;;;;;;;
ft53.atsp;10026;ms;7683;166;150;3;0.15;2;3;2;5;1;10;;;;;;;;;;;;;;;
ft53.atsp;10014;ms;7743;166;150;3;0.15;2;3;2;5;1;10;;;;;;;;;;;;;;;
ft53.atsp;10009;ms;7593;166;150;3;0.15;2;3;2;5;1;10;;;;;;;;;;;;;;;
ft53.atsp;10002;ms;7646;164;150;3;0.15;2;3;2;5;1;10;;;;;;;;;;;;;;;
ft53.atsp;10044;ms;8057;166;150;3;0.15;2;3;2;5;1;10;;;;;;;;;;;;;;;
ft53.atsp;10000;ms;7649;163;150;3;0.15;2;3;2;5;1;10;;;;;;;;;;;;;;;
ft53.atsp;10009;ms;7656;165;150;3;0.15;2;3;2;5;1;10;;;;;;;;;;;;;;;
ft53.atsp;10001;ms;7601;164;150;3;0.15;2;3;2;5;1;10;;;;;;;;;;;;;;;
ft53.atsp;10007;ms;7658;164;150;3;0.15;2;3;2;5;1;10;;;;;;;;;;;;;;;
ft53.atsp;10038;ms;7587;165;150;3;0.15;2;3;2;5;1;10;;;;;;;;;;;;;;;
ft53.atsp;10016;ms;7656;164;150;3;0.15;2;3;2;5;1;10;;;;;;;;;;;;;;;
ft53.atsp;10012;ms;7551;165;150;3;0.15;2;3;2;5;1;10;;;;;;;;;;;;;;;
ft53.atsp;10040;ms;7589;162;150;3;0.15;2;3;2;5;1;10;;;;;;;;;;;;;;;
ft53.atsp;10011;ms;7113;164;150;3;0.15;2;3;2;5;1;10;;;;;;;;;;;;;;;
ft53.atsp;10036;ms;7829;163;150;3;0.15;2;3;2;5;1;10;;;;;;;;;;;;;;;
ft53.atsp;10002;ms;7821;164;150;3;0.15;2;3;2;5;1;10;;;;;;;;;;;;;;;
ft53.atsp;10019;ms;7214;165;150;3;0.15;2;3;2;5;1;10;;;;;;;;;;;;;;;
ft53.atsp;10018;ms;7643;159;150;3;0.15;2;3;2;5;1;10;;;;;;;;;;;;;;;
ft53.atsp;10020;ms;7472;165;150;3;0.15;2;3;2;5;1;10;;;;;;;;;;;;;;;
ft53.atsp;10027;ms;7418;159;150;3;0.15;2;3;2;5;1;10;;;;;;;;;;;;;;;
ft53.atsp;10004;ms;7590;165;150;3;0.15;2;3;2;5;1;10;;;;;;;;;;;;;;;
ft53.atsp;10015;ms;7790;158;150;3;0.15;2;3;2;5;1;10;;;;;;;;;;;;;;;
ft53.atsp;10016;ms;7708;159;150;3;0.15;2;3;2;5;1;10;;;;;;;;;;;;;;;
ft53.atsp;10044;ms;7742;165;150;3;0.15;2;3;2;5;1;10;;;;;;;;;;;;;;;
ft53.atsp;10003;ms;7763;164;150;3;0.15;2;3;2;5;1;10;;;;;;;;;;;;;;;
ft53.atsp;10038;ms;7472;164;150;3;0.15;2;3;2;5;1;10;;;;;;;;;;;;;;;
ft53.atsp;10017;ms;7259;165;150;3;0.15;2;3;2;5;1;10;;;;;;;;;;;;;;;
ft53.atsp;10038;ms;7382;164;150;3;0.15;2;3;2;5;1;10;;;;;;;;;;;;;;;
ft53.atsp;10024;ms;7971;156;150;3;0.15;2;3;2;5;1;10;;;;;;;;;;;;;;;
ft53.atsp;10017;ms;7770;164;150;3;0.15;2;3;2;5;1;10;;;;;;;;;;;;;;;
ft53.atsp;10032;ms;7913;165;150;3;0.15;2;3;2;5;1;10;;;;;;;;;;;;;;;
ft53.atsp;10017;ms;7881;165;150;3;0.15;2;3;2;5;1;10;;;;;;;;;;;;;;;
ft53.atsp;10045;ms;7597;166;150;3;0.15;2;3;2;5;1;10;;;;;;;;;;;;;;;
ft53.atsp;10008;ms;7808;164;150;3;0.15;2;3;2;5;1;10;;;;;;;;;;;;;;;
ft53.atsp;10041;ms;7800;165;150;3;0.15;2;3;2;5;1;10;;;;;;;;;;;;;;;
ft53.atsp;10035;ms;7558;164;150;3;0.15;2;3;2;5;1;10;;;;;;;;;;;;;;;
ft53.atsp;10024;ms;7693;164;150;3;0.15;2;3;2;5;1;10;;;;;;;;;;;;;;;
ft53.atsp;10018;ms;7630;164;150;3;0.15;2;3;2;5;1;10;;;;;;;;;;;;;;;
ft53.atsp;10042;ms;7382;165;150;3;0.15;2;3;2;5;1;10;;;;;;;;;;;;;;;
ft53.atsp;10027;ms;7331;165;150;3;0.15;2;3;2;5;1;10;7624,94;7113;165;;;;;;;;;;;;
ftv55.atsp;10012;ms;1734;136;150;3;0.15;2;1;2;5;1;10;;;;;;;;;;;;;;;
ftv55.atsp;10034;ms;1618;139;150;3;0.15;2;1;2;5;1;10;;;;;;;;;;;;;;;
ftv55.atsp;10003;ms;1695;139;150;3;0.15;2;1;2;5;1;10;;;;;;;;;;;;;;;
ftv55.atsp;10042;ms;1632;139;150;3;0.15;2;1;2;5;1;10;;;;;;;;;;;;;;;
ftv55.atsp;10012;ms;1742;137;150;3;0.15;2;1;2;5;1;10;;;;;;;;;;;;;;;
ftv55.atsp;10016;ms;1697;139;150;3;0.15;2;1;2;5;1;10;;;;;;;;;;;;;;;
ftv55.atsp;10013;ms;1700;139;150;3;0.15;2;1;2;5;1;10;;;;;;;;;;;;;;;
ftv55.atsp;10032;ms;1667;139;150;3;0.15;2;1;2;5;1;10;;;;;;;;;;;;;;;
ftv55.atsp;10022;ms;1817;139;150;3;0.15;2;1;2;5;1;10;;;;;;;;;;;;;;;
ftv55.atsp;10019;ms;1608;138;150;3;0.15;2;1;2;5;1;10;;;;;;;;;;;;;;;
ftv55.atsp;10042;ms;1676;140;150;3;0.15;2;1;2;5;1;10;;;;;;;;;;;;;;;
ftv55.atsp;10017;ms;1716;139;150;3;0.15;2;1;2;5;1;10;;;;;;;;;;;;;;;
ftv55.atsp;10002;ms;1758;139;150;3;0.15;2;1;2;5;1;10;;;;;;;;;;;;;;;
ftv55.atsp;10021;ms;1608;138;150;3;0.15;2;1;2;5;1;10;;;;;;;;;;;;;;;
ftv55.atsp;10009;ms;1608;138;150;3;0.15;2;1;2;5;1;10;;;;;;;;;;;;;;;
ftv55.atsp;10026;ms;1734;140;150;3;0.15;2;1;2;5;1;10;;;;;;;;;;;;;;;
ftv55.atsp;10016;ms;1667;139;150;3;0.15;2;1;2;5;1;10;;;;;;;;;;;;;;;
ftv55.atsp;10043;ms;1739;138;150;3;0.15;2;1;2;5;1;10;;;;;;;;;;;;;;;
ftv55.atsp;10028;ms;1708;140;150;3;0.15;2;1;2;5;1;10;;;;;;;;;;;;;;;
ftv55.atsp;10003;ms;1618;139;150;3;0.15;2;1;2;5;1;10;;;;;;;;;;;;;;;
ftv55.atsp;10030;ms;1745;139;150;3;0.15;2;1;2;5;1;10;;;;;;;;;;;;;;;
ftv55.atsp;10036;ms;1628;139;150;3;0.15;2;1;2;5;1;10;;;;;;;;;;;;;;;
ftv55.atsp;10026;ms;1679;139;150;3;0.15;2;1;2;5;1;10;;;;;;;;;;;;;;;
ftv55.atsp;10044;ms;1657;140;150;3;0.15;2;1;2;5;1;10;;;;;;;;;;;;;;;
ftv55.atsp;10009;ms;1657;140;150;3;0.15;2;1;2;5;1;10;;;;;;;;;;;;;;;
ftv55.atsp;10026;ms;1717;140;150;3;0.15;2;1;2;5;1;10;;;;;;;;;;;;;;;
ftv55.atsp;10037;ms;1732;140;150;3;0.15;2;1;2;5;1;10;;;;;;;;;;;;;;;
ftv55.atsp;10048;ms;1801;140;150;3;0.15;2;1;2;5;1;10;;;;;;;;;;;;;;;
ftv55.atsp;10050;ms;1675;138;150;3;0.15;2;1;2;5;1;10;;;;;;;;;;;;;;;
ftv55.atsp;10008;ms;1667;138;150;3;0.15;2;1;2;5;1;10;;;;;;;;;;;;;;;
ftv55.atsp;10043;ms;1827;139;150;3;0.15;2;1;2;5;1;10;;;;;;;;;;;;;;;
ftv55.atsp;10012;ms;1676;135;150;3;0.15;2;1;2;5;1;10;;;;;;;;;;;;;;;
ftv55.atsp;10000;ms;1667;139;150;3;0.15;2;1;2;5;1;10;;;;;;;;;;;;;;;
ftv55.atsp;10022;ms;1688;139;150;3;0.15;2;1;2;5;1;10;;;;;;;;;;;;;;;
ftv55.atsp;10026;ms;1683;140;150;3;0.15;2;1;2;5;1;10;;;;;;;;;;;;;;;
ftv55.atsp;10022;ms;1724;139;150;3;0.15;2;1;2;5;1;10;;;;;;;;;;;;;;;
ftv55.atsp;10008;ms;1727;138;150;3;0.15;2;1;2;5;1;10;;;;;;;;;;;;;;;
ftv55.atsp;10034;ms;1718;139;150;3;0.15;2;1;2;5;1;10;;;;;;;;;;;;;;;
ftv55.atsp;10033;ms;1693;138;150;3;0.15;2;1;2;5;1;10;;;;;;;;;;;;;;;
ftv55.atsp;10015;ms;1657;139;150;3;0.15;2;1;2;5;1;10;;;;;;;;;;;;;;;
ftv55.atsp;10044;ms;1776;139;150;3;0.15;2;1;2;5;1;10;;;;;;;;;;;;;;;
ftv55.atsp;10041;ms;1656;140;150;3;0.15;2;1;2;5;1;10;;;;;;;;;;;;;;;
ftv55.atsp;10035;ms;1653;138;150;3;0.15;2;1;2;5;1;10;;;;;;;;;;;;;;;
ftv55.atsp;10048;ms;1739;140;150;3;0.15;2;1;2;5;1;10;;;;;;;;;;;;;;;
ftv55.atsp;10027;ms;1618;138;150;3;0.15;2;1;2;5;1;10;;;;;;;;;;;;;;;
ftv55.atsp;10030;ms;1807;140;150;3;0.15;2;1;2;5;1;10;;;;;;;;;;;;;;;
ftv55.atsp;10017;ms;1766;138;150;3;0.15;2;1;2;5;1;10;;;;;;;;;;;;;;;
ftv55.atsp;10002;ms;1769;139;150;3;0.15;2;1;2;5;1;10;;;;;;;;;;;;;;;
ftv55.atsp;10046;ms;1657;140;150;3;0.15;2;1;2;5;1;10;;;;;;;;;;;;;;;
ftv55.atsp;10012;ms;1667;140;150;3;0.15;2;1;2;5;1;10;1697,36;1608;140;;;;;;;;;;;;
ftv55.atsp;10053;ms;1740;124;150;3;0.15;2;2;2;5;1;10;;;;;;;;;;;;;;;
ftv55.atsp;10043;ms;1618;127;150;3;0.15;2;2;2;5;1;10;;;;;;;;;;;;;;;
ftv55.atsp;10025;ms;1734;123;150;3;0.15;2;2;2;5;1;10;;;;;;;;;;;;;;;
ftv55.atsp;10020;ms;1736;126;150;3;0.15;2;2;2;5;1;10;;;;;;;;;;;;;;;
ftv55.atsp;10019;ms;1839;123;150;3;0.15;2;2;2;5;1;10;;;;;;;;;;;;;;;
ftv55.atsp;10043;ms;1659;127;150;3;0.15;2;2;2;5;1;10;;;;;;;;;;;;;;;
ftv55.atsp;10032;ms;1713;124;150;3;0.15;2;2;2;5;1;10;;;;;;;;;;;;;;;
ftv55.atsp;10049;ms;1655;126;150;3;0.15;2;2;2;5;1;10;;;;;;;;;;;;;;;
ftv55.atsp;10050;ms;1713;122;150;3;0.15;2;2;2;5;1;10;;;;;;;;;;;;;;;
ftv55.atsp;10025;ms;1746;124;150;3;0.15;2;2;2;5;1;10;;;;;;;;;;;;;;;
ftv55.atsp;10018;ms;1685;128;150;3;0.15;2;2;2;5;1;10;;;;;;;;;;;;;;;
ftv55.atsp;10038;ms;1635;124;150;3;0.15;2;2;2;5;1;10;;;;;;;;;;;;;;;
ftv55.atsp;10002;ms;1773;128;150;3;0.15;2;2;2;5;1;10;;;;;;;;;;;;;;;
ftv55.atsp;10024;ms;1743;121;150;3;0.15;2;2;2;5;1;10;;;;;;;;;;;;;;;
ftv55.atsp;10039;ms;1773;128;150;3;0.15;2;2;2;5;1;10;;;;;;;;;;;;;;;
ftv55.atsp;10011;ms;1669;123;150;3;0.15;2;2;2;5;1;10;;;;;;;;;;;;;;;
ftv55.atsp;10006;ms;1750;128;150;3;0.15;2;2;2;5;1;10;;;;;;;;;;;;;;;
ftv55.atsp;10003;ms;1711;123;150;3;0.15;2;2;2;5;1;10;;;;;;;;;;;;;;;
ftv55.atsp;10007;ms;1724;128;150;3;0.15;2;2;2;5;1;10;;;;;;;;;;;;;;;
ftv55.atsp;10025;ms;1690;124;150;3;0.15;2;2;2;5;1;10;;;;;;;;;;;;;;;
ftv55.atsp;10033;ms;1751;128;150;3;0.15;2;2;2;5;1;10;;;;;;;;;;;;;;;
ftv55.atsp;10006;ms;1727;124;150;3;0.15;2;2;2;5;1;10;;;;;;;;;;;;;;;
ftv55.atsp;10041;ms;1705;127;150;3;0.15;2;2;2;5;1;10;;;;;;;;;;;;;;;
ftv55.atsp;10049;ms;1663;115;150;3;0.15;2;2;2;5;1;10;;;;;;;;;;;;;;;
ftv55.atsp;10030;ms;1746;126;150;3;0.15;2;2;2;5;1;10;;;;;;;;;;;;;;;
ftv55.atsp;10028;ms;1718;124;150;3;0.15;2;2;2;5;1;10;;;;;;;;;;;;;;;
ftv55.atsp;10034;ms;1727;128;150;3;0.15;2;2;2;5;1;10;;;;;;;;;;;;;;;
ftv55.atsp;10011;ms;1747;128;150;3;0.15;2;2;2;5;1;10;;;;;;;;;;;;;;;
ftv55.atsp;10047;ms;1663;124;150;3;0.15;2;2;2;5;1;10;;;;;;;;;;;;;;;
ftv55.atsp;10000;ms;1738;126;150;3;0.15;2;2;2;5;1;10;;;;;;;;;;;;;;;
ftv55.atsp;10021;ms;1717;123;150;3;0.15;2;2;2;5;1;10;;;;;;;;;;;;;;;
ftv55.atsp;10028;ms;1705;129;150;3;0.15;2;2;2;5;1;10;;;;;;;;;;;;;;;
ftv55.atsp;10010;ms;1713;124;150;3;0.15;2;2;2;5;1;10;;;;;;;;;;;;;;;
ftv55.atsp;10048;ms;1707;128;150;3;0.15;2;2;2;5;1;10;;;;;;;;;;;;;;;
ftv55.atsp;10030;ms;1717;124;150;3;0.15;2;2;2;5;1;10;;;;;;;;;;;;;;;
ftv55.atsp;10015;ms;1718;127;150;3;0.15;2;2;2;5;1;10;;;;;;;;;;;;;;;
ftv55.atsp;10040;ms;1730;123;150;3;0.15;2;2;2;5;1;10;;;;;;;;;;;;;;;
ftv55.atsp;10049;ms;1674;129;150;3;0.15;2;2;2;5;1;10;;;;;;;;;;;;;;;
ftv55.atsp;10034;ms;1839;124;150;3;0.15;2;2;2;5;1;10;;;;;;;;;;;;;;;
ftv55.atsp;10047;ms;1747;129;150;3;0.15;2;2;2;5;1;10;;;;;;;;;;;;;;;
ftv55.atsp;10005;ms;1746;124;150;3;0.15;2;2;2;5;1;10;;;;;;;;;;;;;;;
ftv55.atsp;10040;ms;1755;129;150;3;0.15;2;2;2;5;1;10;;;;;;;;;;;;;;;
ftv55.atsp;10049;ms;1764;124;150;3;0.15;2;2;2;5;1;10;;;;;;;;;;;;;;;
ftv55.atsp;10047;ms;1653;128;150;3;0.15;2;2;2;5;1;10;;;;;;;;;;;;;;;
ftv55.atsp;10015;ms;1663;128;150;3;0.15;2;2;2;5;1;10;;;;;;;;;;;;;;;
ftv55.atsp;10045;ms;1696;123;150;3;0.15;2;2;2;5;1;10;;;;;;;;;;;;;;;
ftv55.atsp;10013;ms;1736;128;150;3;0.15;2;2;2;5;1;10;;;;;;;;;;;;;;;
ftv55.atsp;10030;ms;1682;124;150;3;0.15;2;2;2;5;1;10;;;;;;;;;;;;;;;
ftv55.atsp;10029;ms;1653;129;150;3;0.15;2;2;2;5;1;10;;;;;;;;;;;;;;;
ftv55.atsp;10024;ms;1732;123;150;3;0.15;2;2;2;5;1;10;1716,76;1618;123;;;;;;;;;;;;
ftv55.atsp;10048;ms;1798;135;150;3;0.15;2;3;2;5;1;10;;;;;;;;;;;;;;;
ftv55.atsp;10033;ms;1772;129;150;3;0.15;2;3;2;5;1;10;;;;;;;;;;;;;;;
ftv55.atsp;10027;ms;1809;135;150;3;0.15;2;3;2;5;1;10;;;;;;;;;;;;;;;
ftv55.atsp;10030;ms;1752;134;150;3;0.15;2;3;2;5;1;10;;;;;;;;;;;;;;;
ftv55.atsp;10040;ms;1879;131;150;3;0.15;2;3;2;5;1;10;;;;;;;;;;;;;;;
ftv55.atsp;10044;ms;1772;135;150;3;0.15;2;3;2;5;1;10;;;;;;;;;;;;;;;
ftv55.atsp;10013;ms;1762;130;150;3;0.15;2;3;2;5;1;10;;;;;;;;;;;;;;;
ftv55.atsp;10050;ms;1782;135;150;3;0.15;2;3;2;5;1;10;;;;;;;;;;;;;;;
ftv55.atsp;10038;ms;1742;135;150;3;0.15;2;3;2;5;1;10;;;;;;;;;;;;;;;
ftv55.atsp;10039;ms;1821;130;150;3;0.15;2;3;2;5;1;10;;;;;;;;;;;;;;;
ftv55.atsp;10034;ms;1839;128;150;3;0.15;2;3;2;5;1;10;;;;;;;;;;;;;;;
ftv55.atsp;10012;ms;1620;129;150;3;0.15;2;3;2;5;1;10;;;;;;;;;;;;;;;
ftv55.atsp;10007;ms;1836;132;150;3;0.15;2;3;2;5;1;10;;;;;;;;;;;;;;;
ftv55.atsp;10000;ms;1752;134;150;3;0.15;2;3;2;5;1;10;;;;;;;;;;;;;;;
ftv55.atsp;10010;ms;1879;134;150;3;0.15;2;3;2;5;1;10;;;;;;;;;;;;;;;
ftv55.atsp;10038;ms;1791;135;150;3;0.15;2;3;2;5;1;10;;;;;;;;;;;;;;;
ftv55.atsp;10015;ms;1838;130;150;3;0.15;2;3;2;5;1;10;;;;;;;;;;;;;;;
ftv55.atsp;10043;ms;1738;129;150;3;0.15;2;3;2;5;1;10;;;;;;;;;;;;;;;
ftv55.atsp;10009;ms;1738;135;150;3;0.15;2;3;2;5;1;10;;;;;;;;;;;;;;;
ftv55.atsp;10016;ms;1826;130;150;3;0.15;2;3;2;5;1;10;;;;;;;;;;;;;;;
ftv55.atsp;10011;ms;1853;129;150;3;0.15;2;3;2;5;1;10;;;;;;;;;;;;;;;
ftv55.atsp;10048;ms;1767;130;150;3;0.15;2;3;2;5;1;10;;;;;;;;;;;;;;;
ftv55.atsp;10009;ms;1769;130;150;3;0.15;2;3;2;5;1;10;;;;;;;;;;;;;;;
ftv55.atsp;10005;ms;1764;129;150;3;0.15;2;3;2;5;1;10;;;;;;;;;;;;;;;
ftv55.atsp;10013;ms;1691;130;150;3;0.15;2;3;2;5;1;10;;;;;;;;;;;;;;;
ftv55.atsp;10020;ms;1717;129;150;3;0.15;2;3;2;5;1;10;;;;;;;;;;;;;;;
ftv55.atsp;10046;ms;1804;131;150;3;0.15;2;3;2;5;1;10;;;;;;;;;;;;;;;
ftv55.atsp;10044;ms;1879;130;150;3;0.15;2;3;2;5;1;10;;;;;;;;;;;;;;;
ftv55.atsp;10002;ms;1663;134;150;3;0.15;2;3;2;5;1;10;;;;;;;;;;;;;;;
ftv55.atsp;10045;ms;1748;134;150;3;0.15;2;3;2;5;1;10;;;;;;;;;;;;;;;
ftv55.atsp;10004;ms;1815;134;150;3;0.15;2;3;2;5;1;10;;;;;;;;;;;;;;;
ftv55.atsp;10044;ms;1837;130;150;3;0.15;2;3;2;5;1;10;;;;;;;;;;;;;;;
ftv55.atsp;10014;ms;1873;135;150;3;0.15;2;3;2;5;1;10;;;;;;;;;;;;;;;
ftv55.atsp;10033;ms;1862;130;150;3;0.15;2;3;2;5;1;10;;;;;;;;;;;;;;;
ftv55.atsp;10040;ms;1748;129;150;3;0.15;2;3;2;5;1;10;;;;;;;;;;;;;;;
ftv55.atsp;10051;ms;1823;130;150;3;0.15;2;3;2;5;1;10;;;;;;;;;;;;;;;
ftv55.atsp;10011;ms;1943;130;150;3;0.15;2;3;2;5;1;10;;;;;;;;;;;;;;;
ftv55.atsp;10045;ms;1820;130;150;3;0.15;2;3;2;5;1;10;;;;;;;;;;;;;;;
ftv55.atsp;10040;ms;1855;135;150;3;0.15;2;3;2;5;1;10;;;;;;;;;;;;;;;
ftv55.atsp;10027;ms;1879;129;150;3;0.15;2;3;2;5;1;10;;;;;;;;;;;;;;;
ftv55.atsp;10040;ms;1890;131;150;3;0.15;2;3;2;5;1;10;;;;;;;;;;;;;;;
ftv55.atsp;10007;ms;1750;133;150;3;0.15;2;3;2;5;1;10;;;;;;;;;;;;;;;
ftv55.atsp;10023;ms;1879;129;150;3;0.15;2;3;2;5;1;10;;;;;;;;;;;;;;;
ftv55.atsp;10002;ms;1751;133;150;3;0.15;2;3;2;5;1;10;;;;;;;;;;;;;;;
ftv55.atsp;10028;ms;1705;130;150;3;0.15;2;3;2;5;1;10;;;;;;;;;;;;;;;
ftv55.atsp;10044;ms;1873;135;150;3;0.15;2;3;2;5;1;10;;;;;;;;;;;;;;;
ftv55.atsp;10040;ms;1879;135;150;3;0.15;2;3;2;5;1;10;;;;;;;;;;;;;;;
ftv55.atsp;10036;ms;1738;134;150;3;0.15;2;3;2;5;1;10;;;;;;;;;;;;;;;
ftv55.atsp;10025;ms;1777;135;150;3;0.15;2;3;2;5;1;10;;;;;;;;;;;;;;;
ftv55.atsp;10006;ms;1701;134;150;3;0.15;2;3;2;5;1;10;1795,98;1620;134;;;;;;;;;;;;
ftv64.atsp;10060;ms;1858;65;150;3;0.15;2;1;2;5;1;10;;;;;;;;;;;;;;;
ftv64.atsp;10023;ms;1885;63;150;3;0.15;2;1;2;5;1;10;;;;;;;;;;;;;;;
ftv64.atsp;10062;ms;2025;65;150;3;0.15;2;1;2;5;1;10;;;;;;;;;;;;;;;
ftv64.atsp;10021;ms;1925;64;150;3;0.15;2;1;2;5;1;10;;;;;;;;;;;;;;;
ftv64.atsp;10007;ms;1911;63;150;3;0.15;2;1;2;5;1;10;;;;;;;;;;;;;;;
ftv64.atsp;10001;ms;1949;64;150;3;0.15;2;1;2;5;1;10;;;;;;;;;;;;;;;
ftv64.atsp;10038;ms;1911;63;150;3;0.15;2;1;2;5;1;10;;;;;;;;;;;;;;;
ftv64.atsp;10009;ms;1969;64;150;3;0.15;2;1;2;5;1;10;;;;;;;;;;;;;;;
ftv64.atsp;10009;ms;1906;64;150;3;0.15;2;1;2;5;1;10;;;;;;;;;;;;;;;
ftv64.atsp;10034;ms;1884;64;150;3;0.15;2;1;2;5;1;10;;;;;;;;;;;;;;;
ftv64.atsp;10043;ms;1970;65;150;3;0.15;2;1;2;5;1;10;;;;;;;;;;;;;;;
ftv64.atsp;10021;ms;1970;64;150;3;0.15;2;1;2;5;1;10;;;;;;;;;;;;;;;
ftv64.atsp;10008;ms;1981;65;150;3;0.15;2;1;2;5;1;10;;;;;;;;;;;;;;;
ftv64.atsp;10005;ms;2019;64;150;3;0.15;2;1;2;5;1;10;;;;;;;;;;;;;;;
ftv64.atsp;10039;ms;1893;65;150;3;0.15;2;1;2;5;1;10;;;;;;;;;;;;;;;
ftv64.atsp;10064;ms;1943;65;150;3;0.15;2;1;2;5;1;10;;;;;;;;;;;;;;;
ftv64.atsp;10048;ms;2024;65;150;3;0.15;2;1;2;5;1;10;;;;;;;;;;;;;;;
ftv64.atsp;10042;ms;1969;64;150;3;0.15;2;1;2;5;1;10;;;;;;;;;;;;;;;
ftv64.atsp;10030;ms;1933;63;150;3;0.15;2;1;2;5;1;10;;;;;;;;;;;;;;;
ftv64.atsp;10028;ms;2008;64;150;3;0.15;2;1;2;5;1;10;;;;;;;;;;;;;;;
ftv64.atsp;10033;ms;1996;65;150;3;0.15;2;1;2;5;1;10;;;;;;;;;;;;;;;
ftv64.atsp;10011;ms;2019;65;150;3;0.15;2;1;2;5;1;10;;;;;;;;;;;;;;;
ftv64.atsp;10007;ms;1952;63;150;3;0.15;2;1;2;5;1;10;;;;;;;;;;;;;;;
ftv64.atsp;10014;ms;1877;63;150;3;0.15;2;1;2;5;1;10;;;;;;;;;;;;;;;
ftv64.atsp;10006;ms;1897;64;150;3;0.15;2;1;2;5;1;10;;;;;;;;;;;;;;;
ftv64.atsp;10043;ms;2078;65;150;3;0.15;2;1;2;5;1;10;;;;;;;;;;;;;;;
ftv64.atsp;10030;ms;1946;65;150;3;0.15;2;1;2;5;1;10;;;;;;;;;;;;;;;
ftv64.atsp;10025;ms;1919;65;150;3;0.15;2;1;2;5;1;10;;;;;;;;;;;;;;;
ftv64.atsp;10022;ms;1950;64;150;3;0.15;2;1;2;5;1;10;;;;;;;;;;;;;;;
ftv64.atsp;10054;ms;1988;65;150;3;0.15;2;1;2;5;1;10;;;;;;;;;;;;;;;
ftv64.atsp;10029;ms;1935;64;150;3;0.15;2;1;2;5;1;10;;;;;;;;;;;;;;;
ftv64.atsp;10025;ms;1933;64;150;3;0.15;2;1;2;5;1;10;;;;;;;;;;;;;;;
ftv64.atsp;10016;ms;1962;64;150;3;0.15;2;1;2;5;1;10;;;;;;;;;;;;;;;
ftv64.atsp;10024;ms;1950;64;150;3;0.15;2;1;2;5;1;10;;;;;;;;;;;;;;;
ftv64.atsp;10032;ms;1950;65;150;3;0.15;2;1;2;5;1;10;;;;;;;;;;;;;;;
ftv64.atsp;10021;ms;1953;64;150;3;0.15;2;1;2;5;1;10;;;;;;;;;;;;;;;
ftv64.atsp;10003;ms;1941;64;150;3;0.15;2;1;2;5;1;10;;;;;;;;;;;;;;;
ftv64.atsp;10051;ms;1976;64;150;3;0.15;2;1;2;5;1;10;;;;;;;;;;;;;;;
ftv64.atsp;10056;ms;1953;65;150;3;0.15;2;1;2;5;1;10;;;;;;;;;;;;;;;
ftv64.atsp;10033;ms;1877;65;150;3;0.15;2;1;2;5;1;10;;;;;;;;;;;;;;;
ftv64.atsp;10005;ms;1998;65;150;3;0.15;2;1;2;5;1;10;;;;;;;;;;;;;;;
ftv64.atsp;10050;ms;1884;65;150;3;0.15;2;1;2;5;1;10;;;;;;;;;;;;;;;
ftv64.atsp;10001;ms;1909;64;150;3;0.15;2;1;2;5;1;10;;;;;;;;;;;;;;;
ftv64.atsp;10033;ms;1906;65;150;3;0.15;2;1;2;5;1;10;;;;;;;;;;;;;;;
ftv64.atsp;10024;ms;1904;64;150;3;0.15;2;1;2;5;1;10;;;;;;;;;;;;;;;
ftv64.atsp;10040;ms;2020;64;150;3;0.15;2;1;2;5;1;10;;;;;;;;;;;;;;;
ftv64.atsp;10027;ms;1915;63;150;3;0.15;2;1;2;5;1;10;;;;;;;;;;;;;;;
ftv64.atsp;10035;ms;1858;64;150;3;0.15;2;1;2;5;1;10;;;;;;;;;;;;;;;
ftv64.atsp;10050;ms;1905;63;150;3;0.15;2;1;2;5;1;10;;;;;;;;;;;;;;;
ftv64.atsp;10019;ms;1890;64;150;3;0.15;2;1;2;5;1;10;1943,48;1858;64;;;;;;;;;;;;
ftv64.atsp;10041;ms;1884;64;150;3;0.15;2;2;2;5;1;10;;;;;;;;;;;;;;;
ftv64.atsp;10031;ms;1963;64;150;3;0.15;2;2;2;5;1;10;;;;;;;;;;;;;;;
ftv64.atsp;10031;ms;1875;63;150;3;0.15;2;2;2;5;1;10;;;;;;;;;;;;;;;
ftv64.atsp;10000;ms;1968;65;150;3;0.15;2;2;2;5;1;10;;;;;;;;;;;;;;;
ftv64.atsp;10051;ms;1935;65;150;3;0.15;2;2;2;5;1;10;;;;;;;;;;;;;;;
ftv64.atsp;10053;ms;1976;65;150;3;0.15;2;2;2;5;1;10;;;;;;;;;;;;;;;
ftv64.atsp;10009;ms;1939;63;150;3;0.15;2;2;2;5;1;10;;;;;;;;;;;;;;;
ftv64.atsp;10013;ms;1933;62;150;3;0.15;2;2;2;5;1;10;;;;;;;;;;;;;;;
ftv64.atsp;10054;ms;1877;63;150;3;0.15;2;2;2;5;1;10;;;;;;;;;;;;;;;
ftv64.atsp;10013;ms;1858;63;150;3;0.15;2;2;2;5;1;10;;;;;;;;;;;;;;;
ftv64.atsp;10058;ms;1920;66;150;3;0.15;2;2;2;5;1;10;;;;;;;;;;;;;;;
ftv64.atsp;10052;ms;1957;65;150;3;0.15;2;2;2;5;1;10;;;;;;;;;;;;;;;
ftv64.atsp;10055;ms;1980;63;150;3;0.15;2;2;2;5;1;10;;;;;;;;;;;;;;;
ftv64.atsp;10063;ms;1915;65;150;3;0.15;2;2;2;5;1;10;;;;;;;;;;;;;;;
ftv64.atsp;10042;ms;1908;62;150;3;0.15;2;2;2;5;1;10;;;;;;;;;;;;;;;
ftv64.atsp;10014;ms;1897;64;150;3;0.15;2;2;2;5;1;10;;;;;;;;;;;;;;;
ftv64.atsp;10002;ms;2029;65;150;3;0.15;2;2;2;5;1;10;;;;;;;;;;;;;;;
ftv64.atsp;10062;ms;1911;65;150;3;0.15;2;2;2;5;1;10;;;;;;;;;;;;;;;
ftv64.atsp;10023;ms;1926;65;150;3;0.15;2;2;2;5;1;10;;;;;;;;;;;;;;;
ftv64.atsp;10030;ms;1887;64;150;3;0.15;2;2;2;5;1;10;;;;;;;;;;;;;;;
ftv64.atsp;10057;ms;1988;64;150;3;0.15;2;2;2;5;1;10;;;;;;;;;;;;;;;
ftv64.atsp;10022;ms;1968;63;150;3;0.15;2;2;2;5;1;10;;;;;;;;;;;;;;;
ftv64.atsp;10025;ms;1860;62;150;3;0.15;2;2;2;5;1;10;;;;;;;;;;;;;;;
ftv64.atsp;10048;ms;1915;65;150;3;0.15;2;2;2;5;1;10;;;;;;;;;;;;;;;
ftv64.atsp;10015;ms;1872;64;150;3;0.15;2;2;2;5;1;10;;;;;;;;;;;;;;;
ftv64.atsp;10047;ms;1872;64;150;3;0.15;2;2;2;5;1;10;;;;;;;;;;;;;;;
ftv64.atsp;10065;ms;1858;64;150;3;0.15;2;2;2;5;1;10;;;;;;;;;;;;;;;
ftv64.atsp;10028;ms;1939;64;150;3;0.15;2;2;2;5;1;10;;;;;;;;;;;;;;;
ftv64.atsp;10016;ms;2067;64;150;3;0.15;2;2;2;5;1;10;;;;;;;;;;;;;;;
ftv64.atsp;10023;ms;1897;65;150;3;0.15;2;2;2;5;1;10;;;;;;;;;;;;;;;
ftv64.atsp;10060;ms;1937;66;150;3;0.15;2;2;2;5;1;10;;;;;;;;;;;;;;;
ftv64.atsp;10009;ms;1898;65;150;3;0.15;2;2;2;5;1;10;;;;;;;;;;;;;;;
ftv64.atsp;10051;ms;1986;62;150;3;0.15;2;2;2;5;1;10;;;;;;;;;;;;;;;
ftv64.atsp;10031;ms;1884;60;150;3;0.15;2;2;2;5;1;10;;;;;;;;;;;;;;;
ftv64.atsp;10013;ms;1921;64;150;3;0.15;2;2;2;5;1;10;;;;;;;;;;;;;;;
ftv64.atsp;10047;ms;1891;65;150;3;0.15;2;2;2;5;1;10;;;;;;;;;;;;;;;
ftv64.atsp;10043;ms;1901;64;150;3;0.15;2;2;2;5;1;10;;;;;;;;;;;;;;;
ftv64.atsp;10031;ms;1919;65;150;3;0.15;2;2;2;5;1;10;;;;;;;;;;;;;;;
ftv64.atsp;10051;ms;1887;64;150;3;0.15;2;2;2;5;1;10;;;;;;;;;;;;;;;
ftv64.atsp;10002;ms;1911;64;150;3;0.15;2;2;2;5;1;10;;;;;;;;;;;;;;;
ftv64.atsp;10043;ms;1862;65;150;3;0.15;2;2;2;5;1;10;;;;;;;;;;;;;;;
ftv64.atsp;10011;ms;1906;65;150;3;0.15;2;2;2;5;1;10;;;;;;;;;;;;;;;
ftv64.atsp;10052;ms;1926;65;150;3;0.15;2;2;2;5;1;10;;;;;;;;;;;;;;;
ftv64.atsp;10053;ms;1942;66;150;3;0.15;2;2;2;5;1;10;;;;;;;;;;;;;;;
ftv64.atsp;10013;ms;1935;65;150;3;0.15;2;2;2;5;1;10;;;;;;;;;;;;;;;
ftv64.atsp;10005;ms;1938;65;150;3;0.15;2;2;2;5;1;10;;;;;;;;;;;;;;;
ftv64.atsp;10016;ms;1884;63;150;3;0.15;2;2;2;5;1;10;;;;;;;;;;;;;;;
ftv64.atsp;10026;ms;1891;63;150;3;0.15;2;2;2;5;1;10;;;;;;;;;;;;;;;
ftv64.atsp;10038;ms;1943;65;150;3;0.15;2;2;2;5;1;10;;;;;;;;;;;;;;;
ftv64.atsp;10045;ms;1873;64;150;3;0.15;2;2;2;5;1;10;1920,18;1858;64;;;;;;;;;;;;
ftv64.atsp;10016;ms;2046;67;150;3;0.15;2;3;2;5;1;10;;;;;;;;;;;;;;;
ftv64.atsp;10012;ms;2093;66;150;3;0.15;2;3;2;5;1;10;;;;;;;;;;;;;;;
ftv64.atsp;10002;ms;1942;67;150;3;0.15;2;3;2;5;1;10;;;;;;;;;;;;;;;
ftv64.atsp;10009;ms;1981;65;150;3;0.15;2;3;2;5;1;10;;;;;;;;;;;;;;;
ftv64.atsp;10002;ms;2126;65;150;3;0.15;2;3;2;5;1;10;;;;;;;;;;;;;;;
ftv64.atsp;10039;ms;2126;65;150;3;0.15;2;3;2;5;1;10;;;;;;;;;;;;;;;
ftv64.atsp;10044;ms;1978;64;150;3;0.15;2;3;2;5;1;10;;;;;;;;;;;;;;;
ftv64.atsp;10040;ms;1943;67;150;3;0.15;2;3;2;5;1;10;;;;;;;;;;;;;;;
ftv64.atsp;10022;ms;2060;67;150;3;0.15;2;3;2;5;1;10;;;;;;;;;;;;;;;
ftv64.atsp;10016;ms;1864;66;150;3;0.15;2;3;2;5;1;10;;;;;;;;;;;;;;;
ftv64.atsp;10049;ms;2004;67;150;3;0.15;2;3;2;5;1;10;;;;;;;;;;;;;;;
ftv64.atsp;10036;ms;2002;66;150;3;0.15;2;3;2;5;1;10;;;;;;;;;;;;;;;
ftv64.atsp;10011;ms;2128;65;150;3;0.15;2;3;2;5;1;10;;;;;;;;;;;;;;;
ftv64.atsp;10001;ms;1996;66;150;3;0.15;2;3;2;5;1;10;;;;;;;;;;;;;;;
ftv64.atsp;10013;ms;2031;67;150;3;0.15;2;3;2;5;1;10;;;;;;;;;;;;;;;
ftv64.atsp;10048;ms;2031;67;150;3;0.15;2;3;2;5;1;10;;;;;;;;;;;;;;;
ftv64.atsp;10002;ms;1936;66;150;3;0.15;2;3;2;5;1;10;;;;;;;;;;;;;;;
ftv64.atsp;10019;ms;2021;66;150;3;0.15;2;3;2;5;1;10;;;;;;;;;;;;;;;
ftv64.atsp;10010;ms;1858;65;150;3;0.15;2;3;2;5;1;10;;;;;;;;;;;;;;;
ftv64.atsp;10029;ms;2091;66;150;3;0.15;2;3;2;5;1;10;;;;;;;;;;;;;;;
ftv64.atsp;10050;ms;1934;67;150;3;0.15;2;3;2;5;1;10;;;;;;;;;;;;;;;
ftv64.atsp;10035;ms;2127;66;150;3;0.15;2;3;2;5;1;10;;;;;;;;;;;;;;;
ftv64.atsp;10045;ms;1981;65;150;3;0.15;2;3;2;5;1;10;;;;;;;;;;;;;;;
ftv64.atsp;10032;ms;1954;67;150;3;0.15;2;3;2;5;1;10;;;;;;;;;;;;;;;
ftv64.atsp;10042;ms;1950;68;150;3;0.15;2;3;2;5;1;10;;;;;;;;;;;;;;;
ftv64.atsp;10038;ms;1959;64;150;3;0.15;2;3;2;5;1;10;;;;;;;;;;;;;;;
ftv64.atsp;10015;ms;2046;65;150;3;0.15;2;3;2;5;1;10;;;;;;;;;;;;;;;
ftv64.atsp;10024;ms;2015;67;150;3;0.15;2;3;2;5;1;10;;;;;;;;;;;;;;;
ftv64.atsp;10012;ms;2034;66;150;3;0.15;2;3;2;5;1;10;;;;;;;;;;;;;;;
ftv64.atsp;10057;ms;2138;66;150;3;0.15;2;3;2;5;1;10;;;;;;;;;;;;;;;
ftv64.atsp;10045;ms;2041;64;150;3;0.15;2;3;2;5;1;10;;;;;;;;;;;;;;;
ftv64.atsp;10012;ms;2144;64;150;3;0.15;2;3;2;5;1;10;;;;;;;;;;;;;;;
ftv64.atsp;10017;ms;1915;63;150;3;0.15;2;3;2;5;1;10;;;;;;;;;;;;;;;
ftv64.atsp;10020;ms;1996;63;150;3;0.15;2;3;2;5;1;10;;;;;;;;;;;;;;;
ftv64.atsp;10023;ms;2046;65;150;3;0.15;2;3;2;5;1;10;;;;;;;;;;;;;;;
ftv64.atsp;10004;ms;1953;65;150;3;0.15;2;3;2;5;1;10;;;;;;;;;;;;;;;
ftv64.atsp;10000;ms;1936;66;150;3;0.15;2;3;2;5;1;10;;;;;;;;;;;;;;;
ftv64.atsp;10030;ms;1879;66;150;3;0.15;2;3;2;5;1;10;;;;;;;;;;;;;;;
ftv64.atsp;10039;ms;2035;67;150;3;0.15;2;3;2;5;1;10;;;;;;;;;;;;;;;
ftv64.atsp;10037;ms;2126;67;150;3;0.15;2;3;2;5;1;10;;;;;;;;;;;;;;;
ftv64.atsp;10014;ms;1950;65;150;3;0.15;2;3;2;5;1;10;;;;;;;;;;;;;;;
ftv64.atsp;10034;ms;2020;68;150;3;0.15;2;3;2;5;1;10;;;;;;;;;;;;;;;
ftv64.atsp;10034;ms;2126;66;150;3;0.15;2;3;2;5;1;10;;;;;;;;;;;;;;;
ftv64.atsp;10046;ms;2126;68;150;3;0.15;2;3;2;5;1;10;;;;;;;;;;;;;;;
ftv64.atsp;10020;ms;1957;66;150;3;0.15;2;3;2;5;1;10;;;;;;;;;;;;;;;
ftv64.atsp;10005;ms;2050;65;150;3;0.15;2;3;2;5;1;10;;;;;;;;;;;;;;;
ftv64.atsp;10024;ms;1920;64;150;3;0.15;2;3;2;5;1;10;;;;;;;;;;;;;;;
ftv64.atsp;10060;ms;1967;64;150;3;0.15;2;3;2;5;1;10;;;;;;;;;;;;;;;
ftv64.atsp;10018;ms;1942;60;150;3;0.15;2;3;2;5;1;10;;;;;;;;;;;;;;;
ftv64.atsp;10050;ms;2016;62;150;3;0.15;2;3;2;5;1;10;2010,8;1858;62;;;;;;;;;;;;
ftv47.atsp;10007;ms;1912;211;150;3;0.15;2;1;2;5;1;10;;;;;;;;;;;;;;;
ftv47.atsp;10000;ms;1872;204;150;3;0.15;2;1;2;5;1;10;;;;;;;;;;;;;;;
ftv47.atsp;10037;ms;1864;208;150;3;0.15;2;1;2;5;1;10;;;;;;;;;;;;;;;
ftv47.atsp;10033;ms;1912;205;150;3;0.15;2;1;2;5;1;10;;;;;;;;;;;;;;;
ftv47.atsp;10001;ms;1912;206;150;3;0.15;2;1;2;5;1;10;;;;;;;;;;;;;;;
ftv47.atsp;10000;ms;1853;207;150;3;0.15;2;1;2;5;1;10;;;;;;;;;;;;;;;
ftv47.atsp;10019;ms;1864;216;150;3;0.15;2;1;2;5;1;10;;;;;;;;;;;;;;;
ftv47.atsp;10005;ms;1868;211;150;3;0.15;2;1;2;5;1;10;;;;;;;;;;;;;;;
ftv47.atsp;10016;ms;1820;217;150;3;0.15;2;1;2;5;1;10;;;;;;;;;;;;;;;
ftv47.atsp;10009;ms;1870;221;150;3;0.15;2;1;2;5;1;10;;;;;;;;;;;;;;;
ftv47.atsp;10023;ms;1874;215;150;3;0.15;2;1;2;5;1;10;;;;;;;;;;;;;;;
ftv47.atsp;10014;ms;1911;210;150;3;0.15;2;1;2;5;1;10;;;;;;;;;;;;;;;
ftv47.atsp;10020;ms;1816;198;150;3;0.15;2;1;2;5;1;10;;;;;;;;;;;;;;;
ftv47.atsp;10022;ms;1868;212;150;3;0.15;2;1;2;5;1;10;;;;;;;;;;;;;;;
ftv47.atsp;10034;ms;1815;211;150;3;0.15;2;1;2;5;1;10;;;;;;;;;;;;;;;
ftv47.atsp;10014;ms;1892;208;150;3;0.15;2;1;2;5;1;10;;;;;;;;;;;;;;;
ftv47.atsp;10014;ms;1872;195;150;3;0.15;2;1;2;5;1;10;;;;;;;;;;;;;;;
ftv47.atsp;10029;ms;1784;207;150;3;0.15;2;1;2;5;1;10;;;;;;;;;;;;;;;
ftv47.atsp;10026;ms;1887;210;150;3;0.15;2;1;2;5;1;10;;;;;;;;;;;;;;;
ftv47.atsp;10002;ms;1809;220;150;3;0.15;2;1;2;5;1;10;;;;;;;;;;;;;;;
ftv47.atsp;10033;ms;1826;219;150;3;0.15;2;1;2;5;1;10;;;;;;;;;;;;;;;
ftv47.atsp;10032;ms;1841;220;150;3;0.15;2;1;2;5;1;10;;;;;;;;;;;;;;;
ftv47.atsp;10011;ms;1847;209;150;3;0.15;2;1;2;5;1;10;;;;;;;;;;;;;;;
ftv47.atsp;10004;ms;1851;206;150;3;0.15;2;1;2;5;1;10;;;;;;;;;;;;;;;
ftv47.atsp;10004;ms;1939;192;150;3;0.15;2;1;2;5;1;10;;;;;;;;;;;;;;;
ftv47.atsp;10027;ms;1794;194;150;3;0.15;2;1;2;5;1;10;;;;;;;;;;;;;;;
ftv47.atsp;10015;ms;1893;210;150;3;0.15;2;1;2;5;1;10;;;;;;;;;;;;;;;
ftv47.atsp;10001;ms;1890;216;150;3;0.15;2;1;2;5;1;10;;;;;;;;;;;;;;;
ftv47.atsp;10010;ms;1937;219;150;3;0.15;2;1;2;5;1;10;;;;;;;;;;;;;;;
ftv47.atsp;10035;ms;1853;218;150;3;0.15;2;1;2;5;1;10;;;;;;;;;;;;;;;
ftv47.atsp;10037;ms;1904;217;150;3;0.15;2;1;2;5;1;10;;;;;;;;;;;;;;;
ftv47.atsp;10023;ms;1833;211;150;3;0.15;2;1;2;5;1;10;;;;;;;;;;;;;;;
ftv47.atsp;10008;ms;1864;211;150;3;0.15;2;1;2;5;1;10;;;;;;;;;;;;;;;
ftv47.atsp;10025;ms;1802;205;150;3;0.15;2;1;2;5;1;10;;;;;;;;;;;;;;;
ftv47.atsp;10021;ms;1838;212;150;3;0.15;2;1;2;5;1;10;;;;;;;;;;;;;;;
ftv47.atsp;10018;ms;1919;199;150;3;0.15;2;1;2;5;1;10;;;;;;;;;;;;;;;
ftv47.atsp;10028;ms;1966;211;150;3;0.15;2;1;2;5;1;10;;;;;;;;;;;;;;;
ftv47.atsp;10063;ms;1842;216;150;3;0.15;2;1;2;5;1;10;;;;;;;;;;;;;;;
ftv47.atsp;10013;ms;1889;216;150;3;0.15;2;1;2;5;1;10;;;;;;;;;;;;;;;
ftv47.atsp;10001;ms;1861;220;150;3;0.15;2;1;2;5;1;10;;;;;;;;;;;;;;;
ftv47.atsp;10019;ms;1812;213;150;3;0.15;2;1;2;5;1;10;;;;;;;;;;;;;;;
ftv47.atsp;10033;ms;1912;220;150;3;0.15;2;1;2;5;1;10;;;;;;;;;;;;;;;
ftv47.atsp;10010;ms;1826;217;150;3;0.15;2;1;2;5;1;10;;;;;;;;;;;;;;;
ftv47.atsp;10023;ms;1831;216;150;3;0.15;2;1;2;5;1;10;;;;;;;;;;;;;;;
ftv47.atsp;10031;ms;1834;218;150;3;0.15;2;1;2;5;1;10;;;;;;;;;;;;;;;
ftv47.atsp;10027;ms;1855;222;150;3;0.15;2;1;2;5;1;10;;;;;;;;;;;;;;;
ftv47.atsp;10026;ms;1826;218;150;3;0.15;2;1;2;5;1;10;;;;;;;;;;;;;;;
ftv47.atsp;10022;ms;1841;218;150;3;0.15;2;1;2;5;1;10;;;;;;;;;;;;;;;
ftv47.atsp;10023;ms;1806;220;150;3;0.15;2;1;2;5;1;10;;;;;;;;;;;;;;;
ftv47.atsp;10018;ms;1894;218;150;3;0.15;2;1;2;5;1;10;1862,02;1784;218;;;;;;;;;;;;
ftv47.atsp;10026;ms;1838;196;150;3;0.15;2;2;2;5;1;10;;;;;;;;;;;;;;;
ftv47.atsp;10008;ms;1872;195;150;3;0.15;2;2;2;5;1;10;;;;;;;;;;;;;;;
ftv47.atsp;10012;ms;1891;195;150;3;0.15;2;2;2;5;1;10;;;;;;;;;;;;;;;
ftv47.atsp;10025;ms;1853;197;150;3;0.15;2;2;2;5;1;10;;;;;;;;;;;;;;;
ftv47.atsp;10008;ms;1776;194;150;3;0.15;2;2;2;5;1;10;;;;;;;;;;;;;;;
ftv47.atsp;10034;ms;1947;193;150;3;0.15;2;2;2;5;1;10;;;;;;;;;;;;;;;
ftv47.atsp;10011;ms;1902;194;150;3;0.15;2;2;2;5;1;10;;;;;;;;;;;;;;;
ftv47.atsp;10011;ms;1872;187;150;3;0.15;2;2;2;5;1;10;;;;;;;;;;;;;;;
ftv47.atsp;10017;ms;1860;196;150;3;0.15;2;2;2;5;1;10;;;;;;;;;;;;;;;
ftv47.atsp;10032;ms;1777;194;150;3;0.15;2;2;2;5;1;10;;;;;;;;;;;;;;;
ftv47.atsp;10019;ms;1898;194;150;3;0.15;2;2;2;5;1;10;;;;;;;;;;;;;;;
ftv47.atsp;10014;ms;1979;193;150;3;0.15;2;2;2;5;1;10;;;;;;;;;;;;;;;
ftv47.atsp;10015;ms;1886;191;150;3;0.15;2;2;2;5;1;10;;;;;;;;;;;;;;;
ftv47.atsp;10027;ms;1869;192;150;3;0.15;2;2;2;5;1;10;;;;;;;;;;;;;;;
ftv47.atsp;10010;ms;1916;189;150;3;0.15;2;2;2;5;1;10;;;;;;;;;;;;;;;
ftv47.atsp;10014;ms;1889;199;150;3;0.15;2;2;2;5;1;10;;;;;;;;;;;;;;;
ftv47.atsp;10008;ms;1920;201;150;3;0.15;2;2;2;5;1;10;;;;;;;;;;;;;;;
ftv47.atsp;10043;ms;1839;196;150;3;0.15;2;2;2;5;1;10;;;;;;;;;;;;;;;
ftv47.atsp;10030;ms;1837;196;150;3;0.15;2;2;2;5;1;10;;;;;;;;;;;;;;;
ftv47.atsp;10023;ms;1897;197;150;3;0.15;2;2;2;5;1;10;;;;;;;;;;;;;;;
ftv47.atsp;10036;ms;1895;199;150;3;0.15;2;2;2;5;1;10;;;;;;;;;;;;;;;
ftv47.atsp;10004;ms;1820;188;150;3;0.15;2;2;2;5;1;10;;;;;;;;;;;;;;;
ftv47.atsp;10037;ms;1816;183;150;3;0.15;2;2;2;5;1;10;;;;;;;;;;;;;;;
ftv47.atsp;10030;ms;1915;189;150;3;0.15;2;2;2;5;1;10;;;;;;;;;;;;;;;
ftv47.atsp;10012;ms;1947;190;150;3;0.15;2;2;2;5;1;10;;;;;;;;;;;;;;;
ftv47.atsp;10016;ms;1796;198;150;3;0.15;2;2;2;5;1;10;;;;;;;;;;;;;;;
ftv47.atsp;10009;ms;1838;197;150;3;0.15;2;2;2;5;1;10;;;;;;;;;;;;;;;
ftv47.atsp;10039;ms;1864;197;150;3;0.15;2;2;2;5;1;10;;;;;;;;;;;;;;;
ftv47.atsp;10007;ms;1816;198;150;3;0.15;2;2;2;5;1;10;;;;;;;;;;;;;;;
ftv47.atsp;10007;ms;1915;198;150;3;0.15;2;2;2;5;1;10;;;;;;;;;;;;;;;
ftv47.atsp;10017;ms;1912;197;150;3;0.15;2;2;2;5;1;10;;;;;;;;;;;;;;;
ftv47.atsp;10030;ms;1864;196;150;3;0.15;2;2;2;5;1;10;;;;;;;;;;;;;;;
ftv47.atsp;10004;ms;1816;195;150;3;0.15;2;2;2;5;1;10;;;;;;;;;;;;;;;
ftv47.atsp;10037;ms;1865;198;150;3;0.15;2;2;2;5;1;10;;;;;;;;;;;;;;;
ftv47.atsp;10015;ms;1830;195;150;3;0.15;2;2;2;5;1;10;;;;;;;;;;;;;;;
ftv47.atsp;10018;ms;1887;196;150;3;0.15;2;2;2;5;1;10;;;;;;;;;;;;;;;
ftv47.atsp;10040;ms;1838;197;150;3;0.15;2;2;2;5;1;10;;;;;;;;;;;;;;;
ftv47.atsp;10014;ms;1907;194;150;3;0.15;2;2;2;5;1;10;;;;;;;;;;;;;;;
ftv47.atsp;10030;ms;1860;195;150;3;0.15;2;2;2;5;1;10;;;;;;;;;;;;;;;
ftv47.atsp;10033;ms;1964;192;150;3;0.15;2;2;2;5;1;10;;;;;;;;;;;;;;;
ftv47.atsp;10041;ms;1937;194;150;3;0.15;2;2;2;5;1;10;;;;;;;;;;;;;;;
ftv47.atsp;10038;ms;1979;196;150;3;0.15;2;2;2;5;1;10;;;;;;;;;;;;;;;
ftv47.atsp;10037;ms;1930;197;150;3;0.15;2;2;2;5;1;10;;;;;;;;;;;;;;;
ftv47.atsp;10003;ms;1820;193;150;3;0.15;2;2;2;5;1;10;;;;;;;;;;;;;;;
ftv47.atsp;10035;ms;1920;192;150;3;0.15;2;2;2;5;1;10;;;;;;;;;;;;;;;
ftv47.atsp;10000;ms;1905;196;150;3;0.15;2;2;2;5;1;10;;;;;;;;;;;;;;;
ftv47.atsp;10042;ms;1852;197;150;3;0.15;2;2;2;5;1;10;;;;;;;;;;;;;;;
ftv47.atsp;10037;ms;2007;197;150;3;0.15;2;2;2;5;1;10;;;;;;;;;;;;;;;
ftv47.atsp;10014;ms;1820;194;150;3;0.15;2;2;2;5;1;10;;;;;;;;;;;;;;;
ftv47.atsp;10038;ms;1894;195;150;3;0.15;2;2;2;5;1;10;1878,94;1776;195;;;;;;;;;;;;
ftv47.atsp;10004;ms;1830;208;150;3;0.15;2;3;2;5;1;10;;;;;;;;;;;;;;;
ftv47.atsp;10024;ms;1979;208;150;3;0.15;2;3;2;5;1;10;;;;;;;;;;;;;;;
ftv47.atsp;10008;ms;1979;208;150;3;0.15;2;3;2;5;1;10;;;;;;;;;;;;;;;
ftv47.atsp;10007;ms;1912;208;150;3;0.15;2;3;2;5;1;10;;;;;;;;;;;;;;;
ftv47.atsp;10023;ms;1838;205;150;3;0.15;2;3;2;5;1;10;;;;;;;;;;;;;;;
ftv47.atsp;10001;ms;1912;208;150;3;0.15;2;3;2;5;1;10;;;;;;;;;;;;;;;
ftv47.atsp;10010;ms;1979;210;150;3;0.15;2;3;2;5;1;10;;;;;;;;;;;;;;;
ftv47.atsp;10013;ms;1886;208;150;3;0.15;2;3;2;5;1;10;;;;;;;;;;;;;;;
ftv47.atsp;10007;ms;1961;203;150;3;0.15;2;3;2;5;1;10;;;;;;;;;;;;;;;
ftv47.atsp;10012;ms;1979;209;150;3;0.15;2;3;2;5;1;10;;;;;;;;;;;;;;;
ftv47.atsp;10005;ms;1869;209;150;3;0.15;2;3;2;5;1;10;;;;;;;;;;;;;;;
ftv47.atsp;10018;ms;1972;210;150;3;0.15;2;3;2;5;1;10;;;;;;;;;;;;;;;
ftv47.atsp;10029;ms;1892;211;150;3;0.15;2;3;2;5;1;10;;;;;;;;;;;;;;;
ftv47.atsp;10002;ms;1941;207;150;3;0.15;2;3;2;5;1;10;;;;;;;;;;;;;;;
ftv47.atsp;10013;ms;1826;208;150;3;0.15;2;3;2;5;1;10;;;;;;;;;;;;;;;
ftv47.atsp;10032;ms;1979;209;150;3;0.15;2;3;2;5;1;10;;;;;;;;;;;;;;;
ftv47.atsp;10037;ms;1917;204;150;3;0.15;2;3;2;5;1;10;;;;;;;;;;;;;;;
ftv47.atsp;10006;ms;1872;208;150;3;0.15;2;3;2;5;1;10;;;;;;;;;;;;;;;
ftv47.atsp;10022;ms;1994;207;150;3;0.15;2;3;2;5;1;10;;;;;;;;;;;;;;;
ftv47.atsp;10020;ms;1931;209;150;3;0.15;2;3;2;5;1;10;;;;;;;;;;;;;;;
ftv47.atsp;10015;ms;1972;207;150;3;0.15;2;3;2;5;1;10;;;;;;;;;;;;;;;
ftv47.atsp;10016;ms;1881;205;150;3;0.15;2;3;2;5;1;10;;;;;;;;;;;;;;;
ftv47.atsp;10016;ms;1891;208;150;3;0.15;2;3;2;5;1;10;;;;;;;;;;;;;;;
ftv47.atsp;10015;ms;1848;208;150;3;0.15;2;3;2;5;1;10;;;;;;;;;;;;;;;
ftv47.atsp;10018;ms;1912;206;150;3;0.15;2;3;2;5;1;10;;;;;;;;;;;;;;;
ftv47.atsp;10030;ms;1948;206;150;3;0.15;2;3;2;5;1;10;;;;;;;;;;;;;;;
ftv47.atsp;10032;ms;1945;207;150;3;0.15;2;3;2;5;1;10;;;;;;;;;;;;;;;
ftv47.atsp;10033;ms;1979;207;150;3;0.15;2;3;2;5;1;10;;;;;;;;;;;;;;;
ftv47.atsp;10016;ms;1917;206;150;3;0.15;2;3;2;5;1;10;;;;;;;;;;;;;;;
ftv47.atsp;10002;ms;1962;206;150;3;0.15;2;3;2;5;1;10;;;;;;;;;;;;;;;
ftv47.atsp;10028;ms;2005;211;150;3;0.15;2;3;2;5;1;10;;;;;;;;;;;;;;;
ftv47.atsp;10014;ms;1979;202;150;3;0.15;2;3;2;5;1;10;;;;;;;;;;;;;;;
ftv47.atsp;10017;ms;2014;204;150;3;0.15;2;3;2;5;1;10;;;;;;;;;;;;;;;
ftv47.atsp;10033;ms;1853;209;150;3;0.15;2;3;2;5;1;10;;;;;;;;;;;;;;;
ftv47.atsp;10014;ms;1930;203;150;3;0.15;2;3;2;5;1;10;;;;;;;;;;;;;;;
ftv47.atsp;10010;ms;1881;204;150;3;0.15;2;3;2;5;1;10;;;;;;;;;;;;;;;
ftv47.atsp;10001;ms;1917;207;150;3;0.15;2;3;2;5;1;10;;;;;;;;;;;;;;;
ftv47.atsp;10019;ms;1912;201;150;3;0.15;2;3;2;5;1;10;;;;;;;;;;;;;;;
ftv47.atsp;10038;ms;1889;204;150;3;0.15;2;3;2;5;1;10;;;;;;;;;;;;;;;
ftv47.atsp;10024;ms;2015;203;150;3;0.15;2;3;2;5;1;10;;;;;;;;;;;;;;;
ftv47.atsp;10025;ms;1837;200;150;3;0.15;2;3;2;5;1;10;;;;;;;;;;;;;;;
ftv47.atsp;10016;ms;1872;197;150;3;0.15;2;3;2;5;1;10;;;;;;;;;;;;;;;
ftv47.atsp;10000;ms;1920;204;150;3;0.15;2;3;2;5;1;10;;;;;;;;;;;;;;;
ftv47.atsp;10029;ms;1999;209;150;3;0.15;2;3;2;5;1;10;;;;;;;;;;;;;;;
ftv47.atsp;10000;ms;2039;212;150;3;0.15;2;3;2;5;1;10;;;;;;;;;;;;;;;
ftv47.atsp;10010;ms;1872;210;150;3;0.15;2;3;2;5;1;10;;;;;;;;;;;;;;;
ftv47.atsp;10018;ms;1930;211;150;3;0.15;2;3;2;5;1;10;;;;;;;;;;;;;;;
ftv47.atsp;10001;ms;2003;209;150;3;0.15;2;3;2;5;1;10;;;;;;;;;;;;;;;
ftv47.atsp;10012;ms;1953;210;150;3;0.15;2;3;2;5;1;10;;;;;;;;;;;;;;;
ftv47.atsp;10003;ms;2018;213;150;3;0.15;2;3;2;5;1;10;1930,82;1826;213;;;;;;;;;;;;
