Instancja;Czas;Jednostka;Wynik;Typ memetic;0 wyspa;1 wyspa;2 wyspa;3 wyspa;4 wyspa;;;;;;;;;;;;;
ftv55.atsp;20493;ms;1668;1;59;59;68;68;60;;Czas;Instancja;Odchylenie;Maksimum;rednia;Minimum;rednia iteracji;Optimum;Odchylenie;Maksimum;rednia;Minimum
ftv55.atsp;20129;ms;1704;1;59;59;68;68;59;;20;ftv47.atsp;25.68988324;1888;1824.64;1776;167.0626263;1776;1.446502435;6.306306306;2.738738739;0
ftv55.atsp;20097;ms;1629;1;58;58;68;67;59;;15;ftv47.atsp;23.25871322;1888;1829.926667;1776;131.3773333;1776;1.309612231;6.306306306;3.03641143;0
ftv55.atsp;21356;ms;1704;1;47;47;56;56;46;;10;ftv47.atsp;23.24958781;1888;1832.89;1790;83.27878788;1776;1.309098413;6.306306306;3.203265766;0.788288288
ftv55.atsp;23432;ms;1704;1;53;54;61;63;55;;5;ftv47.atsp;23.65035503;1888;1843.79;1785;40.66464646;1776;1.331664135;6.306306306;3.817004505;0.506756757
ftv55.atsp;20863;ms;1636;1;54;54;62;62;55;;2;ftv47.atsp;22.76199872;1922;1872.05;1798;14.896;1776;1.281644072;8.220720721;5.408220721;1.238738739
ftv55.atsp;20941;ms;1704;1;54;55;64;64;57;;1;ftv47.atsp;28.84966257;2003;1913;1841;7.054;1776;1.624417938;12.78153153;7.713963964;3.65990991
ftv55.atsp;20581;ms;1704;1;54;55;63;63;55;;;;;;;;;;;;;
ftv55.atsp;20653;ms;1675;1;55;55;64;64;55;;Czas;Instancja;Odchylenie;Maksimum;rednia;Minimum;rednia iteracji;Optimum;Odchylenie;Maksimum;rednia;Minimum
ftv55.atsp;20853;ms;1704;1;53;53;63;61;53;;20;ftv64.atsp;18.21505649;1931;1868.36;1839;97.74141414;1839;0.99048703;5.002718869;1.596519848;0
ftv55.atsp;20855;ms;1659;1;55;54;62;64;55;;15;ftv64.atsp;30.30013622;1931;1889.32;1839;76.65866667;1839;1.647641991;5.002718869;1.736269712;0
ftv55.atsp;20877;ms;1704;1;49;49;58;58;50;;10;ftv64.atsp;16.21719688;1931;1867.95;1839;48.11717172;1839;0.881848661;5.002718869;1.574225122;0
ftv55.atsp;23936;ms;1659;1;51;51;58;59;52;;5;ftv64.atsp;19.33457415;1955;1877.45;1842;23.07272727;1839;1.051363467;6.307775965;2.090810223;0.163132137
ftv55.atsp;21030;ms;1704;1;55;55;64;64;56;;2;ftv64.atsp;21.0746245;1945;1893.04;1842;8.826;1839;1.145982844;5.764002175;2.938553562;0.163132137
ftv55.atsp;20808;ms;1716;1;54;54;63;62;54;;1;ftv64.atsp;24.68431801;1978;1920.76;1864;4.476;1839;1.342268516;7.558455682;4.445894508;1.359434475
ftv55.atsp;20679;ms;1636;1;54;53;63;63;55;;;;;;;;;;;;;
ftv55.atsp;20581;ms;1704;1;52;51;62;63;53;;;;;;;;;;;;;
ftv55.atsp;20820;ms;1638;1;55;55;64;65;56;;Czas;Instancja;Odchylenie;Maksimum;rednia;Minimum;rednia iteracji;Optimum;Odchylenie;Maksimum;rednia;Minimum
ftv55.atsp;20849;ms;1638;1;55;55;64;64;55;;20;ftv55.atsp;32.09244082;1716;1679.6;1627;129.610101;1608;1.995798558;6.71641791;4.452736318;1.18159204
ftv55.atsp;20903;ms;1716;1;53;53;61;61;54;;15;ftv55.atsp;31.06880579;1704;1682.733333;1608;99.94266667;1608;1.932139664;5.970149254;4.647595336;0
ftv55.atsp;21083;ms;1716;1;52;51;60;61;50;;10;ftv55.atsp;29.7783665;1716;1683.58;1628;58.92323232;1608;1.851888464;6.71641791;4.700248756;1.243781095
ftv55.atsp;20986;ms;1704;1;53;55;64;65;56;;5;ftv55.atsp;26.37173839;1757;1698.69;1636;32.23838384;1608;1.640033482;9.266169154;5.639925373;1.741293532
ftv55.atsp;20716;ms;1704;1;53;53;61;62;54;;2;ftv55.atsp;31.56662827;1825;1753.25;1647;11.596;1608;1.963098773;13.49502488;9.032960199;2.425373134
ftv55.atsp;20689;ms;1628;1;54;54;63;62;54;;1;ftv55.atsp;25.82027236;1841;1805.98;1721;5.798;1608;1.605738331;14.49004975;12.31218905;7.027363184
ftv55.atsp;22091;ms;1672;1;48;47;55;55;48;;;;;;;;;;;;;
ftv55.atsp;23003;ms;1704;1;49;49;57;58;49;;;;;;;;;;;;;
ftv55.atsp;21710;ms;1659;1;48;49;55;56;49;;;;;;;;;;;;;
ftv55.atsp;21709;ms;1666;1;52;51;59;59;52;;;;;;;;;;;;;
ftv55.atsp;21408;ms;1704;1;50;51;58;58;51;;;;;;;;;;;;;
ftv55.atsp;21954;ms;1635;1;53;52;63;62;53;;;;;;;;;;;;;
ftv55.atsp;20772;ms;1635;1;52;52;59;60;51;;;;;;;;;;;;;
ftv55.atsp;21174;ms;1704;1;49;50;59;60;51;;;;;;;;;;;;;
ftv55.atsp;21374;ms;1704;1;54;54;64;63;55;;;;;;;;;;;;;
ftv55.atsp;21460;ms;1716;1;56;54;63;63;55;;;;;;;;;;;;;
ftv55.atsp;21707;ms;1628;1;55;55;63;65;56;;;;;;;;;;;;;
ftv55.atsp;20181;ms;1628;1;59;59;69;67;59;;;;;;;;;;;;;
ftv55.atsp;21087;ms;1704;1;52;51;58;59;52;;;;;;;;;;;;;
ftv55.atsp;20681;ms;1691;1;58;57;66;66;58;;;;;;;;;;;;;
ftv55.atsp;20576;ms;1659;1;57;56;65;66;57;;;;;;;;;;;;;
ftv55.atsp;20748;ms;1629;1;55;56;66;66;58;;;;;;;;;;;;;
ftv55.atsp;20666;ms;1704;1;57;56;66;66;57;;;;;;;;;;;;;
ftv55.atsp;20541;ms;1704;1;57;55;66;65;57;;;;;;;;;;;;;
ftv55.atsp;20455;ms;1704;1;57;57;67;66;57;;;;;;;;;;;;;
ftv55.atsp;20395;ms;1704;1;57;57;66;67;56;;;;;;;;;;;;;
ftv55.atsp;20507;ms;1704;1;56;57;66;66;57;;;;;;;;;;;;;
ftv55.atsp;20482;ms;1704;1;57;57;65;66;57;;;;;;;;;;;;;
ftv55.atsp;20455;ms;1628;1;58;57;65;65;56;;;;;;;;;;;;;
ftv55.atsp;20650;ms;1659;1;59;58;68;68;59;;;;;;;;;;;;;
ftv55.atsp;20327;ms;1704;1;60;59;69;69;61;;;;;;;;;;;;;
ftv55.atsp;20572;ms;1666;1;55;56;64;62;56;;;;;;;;;;;;;
ftv55.atsp;21079;ms;1704;1;58;59;66;67;58;;;;;;;;;;;;;
ftv55.atsp;20668;ms;1704;1;51;52;60;60;52;;;;;;;;;;;;;
ftv55.atsp;20336;ms;1704;1;57;58;67;68;58;;;;;;;;;;;;;
ftv55.atsp;20342;ms;1654;1;60;58;69;68;60;;;;;;;;;;;;;
ftv55.atsp;20165;ms;1704;1;59;59;69;70;60;;;;;;;;;;;;;
ftv55.atsp;20094;ms;1704;1;55;55;64;65;54;;;;;;;;;;;;;
ftv55.atsp;22245;ms;1645;1;54;54;62;63;55;;;;;;;;;;;;;
ftv55.atsp;21658;ms;1716;1;49;47;56;56;49;;;;;;;;;;;;;
ftv55.atsp;22702;ms;1663;1;48;48;56;56;48;;;;;;;;;;;;;
ftv55.atsp;20446;ms;1716;1;57;57;66;68;58;;;;;;;;;;;;;
ftv55.atsp;20719;ms;1635;1;58;58;67;67;59;;;;;;;;;;;;;
ftv55.atsp;20877;ms;1704;1;57;57;66;66;57;;;;;;;;;;;;;
ftv55.atsp;20553;ms;1716;1;56;57;65;65;57;;;;;;;;;;;;;
ftv55.atsp;21340;ms;1628;1;57;57;66;67;58;;;;;;;;;;;;;
ftv55.atsp;20780;ms;1704;1;56;56;65;65;58;;;;;;;;;;;;;
ftv55.atsp;20664;ms;1704;1;56;55;64;65;56;;;;;;;;;;;;;
ftv55.atsp;20474;ms;1704;1;52;52;60;59;52;;;;;;;;;;;;;
ftv55.atsp;21688;ms;1704;1;57;58;65;67;60;;;;;;;;;;;;;
ftv55.atsp;20140;ms;1635;1;55;55;63;66;57;;;;;;;;;;;;;
ftv55.atsp;21177;ms;1704;1;42;42;50;49;43;;;;;;;;;;;;;
ftv55.atsp;24346;ms;1666;1;58;57;67;67;60;;;;;;;;;;;;;
ftv55.atsp;21239;ms;1704;1;59;58;66;66;59;;;;;;;;;;;;;
ftv55.atsp;20648;ms;1675;1;54;53;61;62;54;;;;;;;;;;;;;
ftv55.atsp;21213;ms;1636;1;48;48;55;55;47;;;;;;;;;;;;;
ftv55.atsp;20138;ms;1704;1;52;52;62;61;53;;;;;;;;;;;;;
ftv55.atsp;20406;ms;1704;1;60;59;70;70;60;;;;;;;;;;;;;
ftv55.atsp;20193;ms;1659;1;60;59;69;69;59;;;;;;;;;;;;;
ftv55.atsp;20196;ms;1704;1;56;56;66;66;59;;;;;;;;;;;;;
ftv55.atsp;20182;ms;1704;1;62;61;69;70;60;;;;;;;;;;;;;
ftv55.atsp;20083;ms;1704;1;60;60;69;69;61;;;;;;;;;;;;;
ftv55.atsp;20168;ms;1692;1;60;60;69;69;61;;;;;;;;;;;;;
ftv55.atsp;20259;ms;1704;1;60;61;69;70;60;;;;;;;;;;;;;
ftv55.atsp;20119;ms;1704;1;59;58;68;69;60;;;;;;;;;;;;;
ftv55.atsp;20209;ms;1704;1;55;55;64;64;55;;;;;;;;;;;;;
ftv55.atsp;20547;ms;1704;1;57;57;66;66;58;;;;;;;;;;;;;
ftv55.atsp;20536;ms;1636;1;53;54;60;61;54;;;;;;;;;;;;;
ftv55.atsp;20390;ms;1666;1;59;58;67;69;59;;;;;;;;;;;;;
ftv55.atsp;20234;ms;1704;1;58;59;67;68;59;;;;;;;;;;;;;
ftv55.atsp;20311;ms;1638;1;57;56;66;67;59;;;;;;;;;;;;;
ftv55.atsp;20597;ms;1704;1;58;59;69;68;59;;;;;;;;;;;;;
ftv55.atsp;21370;ms;1704;1;52;52;61;62;52;;;;;;;;;;;;;
ftv55.atsp;20310;ms;1704;1;59;58;68;68;60;;;;;;;;;;;;;
ftv55.atsp;20350;ms;1704;1;58;58;67;69;60;;;;;;;;;;;;;
ftv55.atsp;20855;ms;1704;1;59;60;69;69;61;;;;;;;;;;;;;
ftv55.atsp;20300;ms;1698;1;58;59;69;70;61;;;;;;;;;;;;;
ftv55.atsp;20118;ms;1628;1;58;56;65;66;58;;;;;;;;;;;;;
ftv55.atsp;20173;ms;1704;1;60;59;70;69;60;;;;;;;;;;;;;
ftv55.atsp;20415;ms;1704;1;60;60;70;68;61;;;;;;;;;;;;;
ftv55.atsp;20213;ms;1659;1;60;58;69;69;59;;;;;;;;;;;;;
ftv55.atsp;20314;ms;1704;1;60;60;68;68;60;1683.58;1628;58.92323232;29.7783665;1716;;;;;;;;
ftv55.atsp;30362;ms;1704;1;119;122;140;140;121;;;;;;;;;;;;;
ftv55.atsp;30181;ms;1704;1;122;123;141;141;123;;;;;;;;;;;;;
ftv55.atsp;30027;ms;1704;1;123;123;143;142;122;;;;;;;;;;;;;
ftv55.atsp;30441;ms;1629;1;117;120;140;140;122;;;;;;;;;;;;;
ftv55.atsp;30379;ms;1704;1;116;115;137;135;117;;;;;;;;;;;;;
ftv55.atsp;30082;ms;1704;1;123;119;139;140;122;;;;;;;;;;;;;
ftv55.atsp;30202;ms;1659;1;120;121;141;140;122;;;;;;;;;;;;;
ftv55.atsp;29869;ms;1704;1;119;119;139;139;121;;;;;;;;;;;;;
ftv55.atsp;30133;ms;1704;1;118;117;138;139;118;;;;;;;;;;;;;
ftv55.atsp;30216;ms;1704;1;119;119;139;140;120;;;;;;;;;;;;;
ftv55.atsp;29999;ms;1668;1;117;117;137;138;120;;;;;;;;;;;;;
ftv55.atsp;30160;ms;1704;1;119;118;136;139;119;;;;;;;;;;;;;
ftv55.atsp;30997;ms;1704;1;110;110;127;126;112;;;;;;;;;;;;;
ftv55.atsp;30538;ms;1627;1;121;120;141;140;121;;;;;;;;;;;;;
ftv55.atsp;30279;ms;1704;1;119;117;138;138;119;;;;;;;;;;;;;
ftv55.atsp;30194;ms;1704;1;116;118;137;137;119;;;;;;;;;;;;;
ftv55.atsp;30090;ms;1629;1;107;105;123;125;108;;;;;;;;;;;;;
ftv55.atsp;30665;ms;1649;1;114;112;132;133;113;;;;;;;;;;;;;
ftv55.atsp;30505;ms;1704;1;119;118;137;140;119;;;;;;;;;;;;;
ftv55.atsp;29989;ms;1704;1;108;108;124;125;107;;;;;;;;;;;;;
ftv55.atsp;30355;ms;1704;1;118;117;136;138;119;;;;;;;;;;;;;
ftv55.atsp;30425;ms;1704;1;121;121;140;141;121;;;;;;;;;;;;;
ftv55.atsp;30109;ms;1704;1;116;117;134;135;118;;;;;;;;;;;;;
ftv55.atsp;29729;ms;1704;1;122;124;143;141;122;;;;;;;;;;;;;
ftv55.atsp;29685;ms;1704;1;121;124;141;145;122;;;;;;;;;;;;;
ftv55.atsp;29902;ms;1704;1;123;124;144;143;127;;;;;;;;;;;;;
ftv55.atsp;29680;ms;1704;1;121;120;145;143;125;;;;;;;;;;;;;
ftv55.atsp;29818;ms;1629;1;124;127;142;145;125;;;;;;;;;;;;;
ftv55.atsp;29708;ms;1704;1;125;122;144;142;124;;;;;;;;;;;;;
ftv55.atsp;29609;ms;1704;1;126;123;148;143;121;;;;;;;;;;;;;
ftv55.atsp;29653;ms;1659;1;124;122;140;148;123;;;;;;;;;;;;;
ftv55.atsp;29580;ms;1704;1;121;123;143;144;124;;;;;;;;;;;;;
ftv55.atsp;29774;ms;1649;1;122;123;143;141;119;;;;;;;;;;;;;
ftv55.atsp;29751;ms;1659;1;124;124;141;142;122;;;;;;;;;;;;;
ftv55.atsp;29641;ms;1659;1;126;120;144;140;124;;;;;;;;;;;;;
ftv55.atsp;29640;ms;1704;1;124;122;141;143;121;;;;;;;;;;;;;
ftv55.atsp;29666;ms;1629;1;123;123;138;143;126;;;;;;;;;;;;;
ftv55.atsp;29692;ms;1704;1;122;125;140;142;126;;;;;;;;;;;;;
ftv55.atsp;29768;ms;1704;1;122;120;139;141;123;;;;;;;;;;;;;
ftv55.atsp;29614;ms;1628;1;121;122;142;143;121;;;;;;;;;;;;;
ftv55.atsp;29765;ms;1704;1;119;122;141;143;122;;;;;;;;;;;;;
ftv55.atsp;29600;ms;1628;1;116;117;136;136;120;;;;;;;;;;;;;
ftv55.atsp;30017;ms;1704;1;119;117;139;139;119;;;;;;;;;;;;;
ftv55.atsp;29720;ms;1628;1;120;119;138;144;119;;;;;;;;;;;;;
ftv55.atsp;30704;ms;1716;1;117;115;137;136;118;;;;;;;;;;;;;
ftv55.atsp;29767;ms;1704;1;124;124;144;144;128;;;;;;;;;;;;;
ftv55.atsp;29621;ms;1702;1;123;123;144;143;124;;;;;;;;;;;;;
ftv55.atsp;29788;ms;1704;1;122;121;143;143;129;;;;;;;;;;;;;
ftv55.atsp;29701;ms;1704;1;122;125;145;147;122;;;;;;;;;;;;;
ftv55.atsp;31062;ms;1629;1;122;121;142;145;126;;;;;;;;;;;;;
ftv55.atsp;29903;ms;1704;1;122;124;146;142;125;;;;;;;;;;;;;
ftv55.atsp;29614;ms;1659;1;120;123;144;145;123;;;;;;;;;;;;;
ftv55.atsp;29654;ms;1636;1;126;123;142;141;122;;;;;;;;;;;;;
ftv55.atsp;29559;ms;1628;1;125;124;145;142;127;;;;;;;;;;;;;
ftv55.atsp;29567;ms;1704;1;124;120;143;146;125;;;;;;;;;;;;;
ftv55.atsp;29548;ms;1668;1;123;125;143;145;124;;;;;;;;;;;;;
ftv55.atsp;29712;ms;1704;1;123;124;141;143;128;;;;;;;;;;;;;
ftv55.atsp;29601;ms;1661;1;125;123;141;146;126;;;;;;;;;;;;;
ftv55.atsp;29698;ms;1668;1;121;121;139;143;125;;;;;;;;;;;;;
ftv55.atsp;29588;ms;1704;1;123;122;144;143;123;;;;;;;;;;;;;
ftv55.atsp;29508;ms;1704;1;121;120;146;143;122;;;;;;;;;;;;;
ftv55.atsp;29620;ms;1659;1;124;123;143;144;124;;;;;;;;;;;;;
ftv55.atsp;29699;ms;1629;1;123;125;146;142;125;;;;;;;;;;;;;
ftv55.atsp;29563;ms;1698;1;124;123;142;145;124;;;;;;;;;;;;;
ftv55.atsp;29871;ms;1704;1;125;119;147;144;125;;;;;;;;;;;;;
ftv55.atsp;29441;ms;1628;1;124;120;144;141;125;;;;;;;;;;;;;
ftv55.atsp;29694;ms;1661;1;125;123;144;143;124;;;;;;;;;;;;;
ftv55.atsp;29923;ms;1704;1;119;124;141;140;127;;;;;;;;;;;;;
ftv55.atsp;29664;ms;1704;1;124;118;141;142;124;;;;;;;;;;;;;
ftv55.atsp;29703;ms;1629;1;119;117;142;141;121;;;;;;;;;;;;;
ftv55.atsp;29657;ms;1628;1;123;123;146;146;123;;;;;;;;;;;;;
ftv55.atsp;29824;ms;1629;1;124;121;146;144;128;;;;;;;;;;;;;
ftv55.atsp;29845;ms;1704;1;122;123;140;136;123;;;;;;;;;;;;;
ftv55.atsp;29682;ms;1628;1;121;123;146;145;124;;;;;;;;;;;;;
ftv55.atsp;29670;ms;1704;1;124;124;147;144;125;;;;;;;;;;;;;
ftv55.atsp;29707;ms;1716;1;126;125;141;141;126;;;;;;;;;;;;;
ftv55.atsp;29756;ms;1649;1;124;120;142;141;124;;;;;;;;;;;;;
ftv55.atsp;29604;ms;1659;1;124;121;143;143;125;;;;;;;;;;;;;
ftv55.atsp;29709;ms;1704;1;125;121;144;142;126;;;;;;;;;;;;;
ftv55.atsp;29943;ms;1704;1;125;123;145;142;126;;;;;;;;;;;;;
ftv55.atsp;29674;ms;1704;1;118;123;143;138;124;;;;;;;;;;;;;
ftv55.atsp;29674;ms;1704;1;121;122;140;138;122;;;;;;;;;;;;;
ftv55.atsp;29770;ms;1704;1;125;124;147;141;125;;;;;;;;;;;;;
ftv55.atsp;29595;ms;1704;1;122;123;140;142;122;;;;;;;;;;;;;
ftv55.atsp;29781;ms;1704;1;126;122;147;146;125;;;;;;;;;;;;;
ftv55.atsp;29675;ms;1661;1;122;123;146;143;126;;;;;;;;;;;;;
ftv55.atsp;29718;ms;1704;1;122;122;140;145;124;;;;;;;;;;;;;
ftv55.atsp;29608;ms;1704;1;122;124;142;145;123;;;;;;;;;;;;;
ftv55.atsp;29889;ms;1629;1;125;123;144;145;122;;;;;;;;;;;;;
ftv55.atsp;29644;ms;1704;1;121;123;143;145;125;;;;;;;;;;;;;
ftv55.atsp;29986;ms;1629;1;128;123;144;145;125;;;;;;;;;;;;;
ftv55.atsp;29854;ms;1704;1;122;124;142;142;125;;;;;;;;;;;;;
ftv55.atsp;29690;ms;1654;1;122;123;146;144;124;;;;;;;;;;;;;
ftv55.atsp;29811;ms;1704;1;122;123;143;142;123;;;;;;;;;;;;;
ftv55.atsp;29680;ms;1668;1;123;122;143;147;126;;;;;;;;;;;;;
ftv55.atsp;29655;ms;1629;1;123;122;142;147;127;;;;;;;;;;;;;
ftv55.atsp;29841;ms;1704;1;123;122;143;146;125;;;;;;;;;;;;;
ftv55.atsp;29488;ms;1628;1;122;124;142;140;125;;;;;;;;;;;;;
ftv55.atsp;29728;ms;1629;1;124;127;140;140;123;1679.6;1627;129.610101;32.09244082;1716;;;;;;;;
ftv47.atsp;25841;ms;1833;1;149;154;179;179;152;;;;;;;;;;;;;
ftv47.atsp;25418;ms;1795;1;156;157;188;184;158;;;;;;;;;;;;;
ftv47.atsp;25505;ms;1840;1;156;155;184;187;157;;;;;;;;;;;;;
ftv47.atsp;25646;ms;1827;1;156;154;189;187;156;;;;;;;;;;;;;
ftv47.atsp;25399;ms;1838;1;156;156;185;189;159;;;;;;;;;;;;;
ftv47.atsp;25548;ms;1840;1;157;158;186;186;157;;;;;;;;;;;;;
ftv47.atsp;25394;ms;1842;1;155;155;189;184;158;;;;;;;;;;;;;
ftv47.atsp;25360;ms;1838;1;158;157;187;183;158;;;;;;;;;;;;;
ftv47.atsp;25523;ms;1845;1;156;157;184;186;156;;;;;;;;;;;;;
ftv47.atsp;25368;ms;1827;1;156;155;189;186;157;;;;;;;;;;;;;
ftv47.atsp;25342;ms;1840;1;157;154;187;185;156;;;;;;;;;;;;;
ftv47.atsp;25486;ms;1776;1;154;154;187;184;156;;;;;;;;;;;;;
ftv47.atsp;25535;ms;1795;1;157;156;188;185;157;;;;;;;;;;;;;
ftv47.atsp;25503;ms;1842;1;157;156;188;188;153;;;;;;;;;;;;;
ftv47.atsp;25420;ms;1777;1;158;155;188;187;158;;;;;;;;;;;;;
ftv47.atsp;25619;ms;1790;1;154;152;186;181;155;;;;;;;;;;;;;
ftv47.atsp;25540;ms;1801;1;152;154;184;186;155;;;;;;;;;;;;;
ftv47.atsp;25350;ms;1845;1;157;152;186;186;158;;;;;;;;;;;;;
ftv47.atsp;25594;ms;1838;1;158;155;179;185;156;;;;;;;;;;;;;
ftv47.atsp;25315;ms;1795;1;156;154;184;185;156;;;;;;;;;;;;;
ftv47.atsp;25413;ms;1840;1;157;156;182;181;159;;;;;;;;;;;;;
ftv47.atsp;25489;ms;1888;1;156;153;183;186;157;;;;;;;;;;;;;
ftv47.atsp;25528;ms;1777;1;155;154;188;189;157;;;;;;;;;;;;;
ftv47.atsp;25553;ms;1840;1;154;156;186;185;158;;;;;;;;;;;;;
ftv47.atsp;25600;ms;1790;1;156;157;186;186;155;;;;;;;;;;;;;
ftv47.atsp;25395;ms;1838;1;157;154;185;186;157;;;;;;;;;;;;;
ftv47.atsp;25350;ms;1863;1;157;157;183;185;158;;;;;;;;;;;;;
ftv47.atsp;25494;ms;1845;1;157;156;188;185;157;;;;;;;;;;;;;
ftv47.atsp;25299;ms;1888;1;156;155;188;188;154;;;;;;;;;;;;;
ftv47.atsp;25472;ms;1790;1;157;155;185;185;156;;;;;;;;;;;;;
ftv47.atsp;25302;ms;1776;1;153;155;184;188;158;;;;;;;;;;;;;
ftv47.atsp;25506;ms;1790;1;156;154;188;183;158;;;;;;;;;;;;;
ftv47.atsp;25566;ms;1790;1;157;158;184;187;156;;;;;;;;;;;;;
ftv47.atsp;25489;ms;1833;1;157;158;187;189;156;;;;;;;;;;;;;
ftv47.atsp;25323;ms;1820;1;155;157;190;187;159;;;;;;;;;;;;;
ftv47.atsp;25386;ms;1838;1;158;157;188;189;155;;;;;;;;;;;;;
ftv47.atsp;25361;ms;1790;1;154;153;188;187;158;;;;;;;;;;;;;
ftv47.atsp;25477;ms;1790;1;156;156;188;187;158;;;;;;;;;;;;;
ftv47.atsp;25431;ms;1827;1;154;156;185;185;154;;;;;;;;;;;;;
ftv47.atsp;25430;ms;1790;1;154;156;185;185;159;;;;;;;;;;;;;
ftv47.atsp;25544;ms;1827;1;156;156;184;185;154;;;;;;;;;;;;;
ftv47.atsp;25619;ms;1863;1;154;153;185;182;154;;;;;;;;;;;;;
ftv47.atsp;25533;ms;1827;1;151;152;184;186;154;;;;;;;;;;;;;
ftv47.atsp;25558;ms;1842;1;153;152;182;184;154;;;;;;;;;;;;;
ftv47.atsp;25520;ms;1842;1;157;154;186;185;158;;;;;;;;;;;;;
ftv47.atsp;25510;ms;1833;1;154;153;186;185;157;;;;;;;;;;;;;
ftv47.atsp;25483;ms;1860;1;156;153;181;184;155;;;;;;;;;;;;;
ftv47.atsp;25409;ms;1845;1;154;152;182;183;153;;;;;;;;;;;;;
ftv47.atsp;25633;ms;1840;1;156;157;184;187;157;;;;;;;;;;;;;
ftv47.atsp;25410;ms;1850;1;156;155;185;187;156;;;;;;;;;;;;;
ftv47.atsp;25280;ms;1820;1;158;156;185;186;154;;;;;;;;;;;;;
ftv47.atsp;25386;ms;1863;1;156;155;184;186;157;;;;;;;;;;;;;
ftv47.atsp;25658;ms;1806;1;157;154;187;186;158;;;;;;;;;;;;;
ftv47.atsp;25275;ms;1820;1;155;157;188;188;157;;;;;;;;;;;;;
ftv47.atsp;25439;ms;1827;1;157;155;184;186;157;;;;;;;;;;;;;
ftv47.atsp;25318;ms;1845;1;156;154;186;186;158;;;;;;;;;;;;;
ftv47.atsp;25541;ms;1814;1;158;155;187;187;156;;;;;;;;;;;;;
ftv47.atsp;25480;ms;1833;1;160;156;186;187;159;;;;;;;;;;;;;
ftv47.atsp;25374;ms;1777;1;154;158;183;185;157;;;;;;;;;;;;;
ftv47.atsp;25361;ms;1827;1;156;156;188;187;159;;;;;;;;;;;;;
ftv47.atsp;25555;ms;1825;1;149;145;179;178;150;;;;;;;;;;;;;
ftv47.atsp;26014;ms;1790;1;137;136;162;162;138;;;;;;;;;;;;;
ftv47.atsp;25391;ms;1842;1;156;156;186;188;157;;;;;;;;;;;;;
ftv47.atsp;25531;ms;1832;1;153;153;186;186;156;;;;;;;;;;;;;
ftv47.atsp;25447;ms;1827;1;154;155;187;187;156;;;;;;;;;;;;;
ftv47.atsp;25528;ms;1842;1;154;156;187;186;162;;;;;;;;;;;;;
ftv47.atsp;25443;ms;1795;1;157;155;186;187;157;;;;;;;;;;;;;
ftv47.atsp;25391;ms;1840;1;146;146;174;172;144;;;;;;;;;;;;;
ftv47.atsp;25374;ms;1842;1;155;155;186;182;156;;;;;;;;;;;;;
ftv47.atsp;25492;ms;1850;1;156;152;188;182;158;;;;;;;;;;;;;
ftv47.atsp;25471;ms;1842;1;155;154;185;185;154;;;;;;;;;;;;;
ftv47.atsp;25454;ms;1795;1;155;154;185;185;158;;;;;;;;;;;;;
ftv47.atsp;25328;ms;1838;1;158;155;188;186;158;;;;;;;;;;;;;
ftv47.atsp;25438;ms;1842;1;155;154;187;187;157;;;;;;;;;;;;;
ftv47.atsp;25366;ms;1845;1;156;154;185;186;156;;;;;;;;;;;;;
ftv47.atsp;25318;ms;1788;1;156;156;188;186;157;;;;;;;;;;;;;
ftv47.atsp;25388;ms;1827;1;154;153;180;180;153;;;;;;;;;;;;;
ftv47.atsp;25323;ms;1845;1;156;154;183;185;156;;;;;;;;;;;;;
ftv47.atsp;25410;ms;1840;1;157;156;186;185;158;;;;;;;;;;;;;
ftv47.atsp;25447;ms;1838;1;154;158;186;187;156;;;;;;;;;;;;;
ftv47.atsp;25351;ms;1790;1;156;154;189;189;156;;;;;;;;;;;;;
ftv47.atsp;25325;ms;1837;1;156;155;181;186;154;;;;;;;;;;;;;
ftv47.atsp;25384;ms;1790;1;154;155;183;188;157;;;;;;;;;;;;;
ftv47.atsp;25467;ms;1790;1;156;155;188;188;158;;;;;;;;;;;;;
ftv47.atsp;25502;ms;1827;1;157;154;188;186;157;;;;;;;;;;;;;
ftv47.atsp;25531;ms;1850;1;151;151;183;183;154;;;;;;;;;;;;;
ftv47.atsp;25345;ms;1776;1;152;150;179;182;151;;;;;;;;;;;;;
ftv47.atsp;25611;ms;1842;1;154;156;181;187;156;;;;;;;;;;;;;
ftv47.atsp;25380;ms;1827;1;155;155;183;184;155;;;;;;;;;;;;;
ftv47.atsp;25625;ms;1840;1;153;154;182;184;157;;;;;;;;;;;;;
ftv47.atsp;25304;ms;1790;1;153;154;184;185;153;;;;;;;;;;;;;
ftv47.atsp;25423;ms;1790;1;154;153;181;186;152;;;;;;;;;;;;;
ftv47.atsp;25519;ms;1842;1;153;154;184;184;155;;;;;;;;;;;;;
ftv47.atsp;25290;ms;1820;1;152;150;183;183;154;;;;;;;;;;;;;
ftv47.atsp;25435;ms;1842;1;154;154;183;182;155;;;;;;;;;;;;;
ftv47.atsp;25496;ms;1820;1;156;156;186;183;155;;;;;;;;;;;;;
ftv47.atsp;25444;ms;1795;1;156;156;186;186;158;;;;;;;;;;;;;
ftv47.atsp;25405;ms;1845;1;156;156;188;186;155;;;;;;;;;;;;;
ftv47.atsp;25553;ms;1838;1;154;153;185;183;155;;;;;;;;;;;;;
ftv47.atsp;25403;ms;1840;1;150;150;182;181;152;1824.64;1776;167.0626263;25.68988324;1888;;;;;;;;
ftv47.atsp;15576;ms;1790;1;77;76;93;92;78;;;;;;;;;;;;;
ftv47.atsp;15388;ms;1833;1;77;77;92;93;79;;;;;;;;;;;;;
ftv47.atsp;15456;ms;1795;1;77;78;92;91;78;;;;;;;;;;;;;
ftv47.atsp;15390;ms;1888;1;76;77;90;91;78;;;;;;;;;;;;;
ftv47.atsp;15373;ms;1833;1;78;77;93;92;78;;;;;;;;;;;;;
ftv47.atsp;15440;ms;1806;1;77;77;92;92;80;;;;;;;;;;;;;
ftv47.atsp;15553;ms;1790;1;79;77;90;91;79;;;;;;;;;;;;;
ftv47.atsp;15260;ms;1801;1;75;76;91;93;77;;;;;;;;;;;;;
ftv47.atsp;15542;ms;1840;1;78;77;93;93;78;;;;;;;;;;;;;
ftv47.atsp;15422;ms;1845;1;78;78;90;92;79;;;;;;;;;;;;;
ftv47.atsp;15294;ms;1790;1;76;76;91;91;77;;;;;;;;;;;;;
ftv47.atsp;15566;ms;1827;1;79;77;94;93;78;;;;;;;;;;;;;
ftv47.atsp;15374;ms;1859;1;76;76;92;90;76;;;;;;;;;;;;;
ftv47.atsp;15396;ms;1881;1;76;75;94;92;77;;;;;;;;;;;;;
ftv47.atsp;15399;ms;1833;1;76;78;92;93;78;;;;;;;;;;;;;
ftv47.atsp;15537;ms;1845;1;78;78;92;93;79;;;;;;;;;;;;;
ftv47.atsp;15618;ms;1838;1;77;77;91;93;78;;;;;;;;;;;;;
ftv47.atsp;15400;ms;1833;1;78;77;92;91;77;;;;;;;;;;;;;
ftv47.atsp;15549;ms;1859;1;79;77;91;93;78;;;;;;;;;;;;;
ftv47.atsp;15399;ms;1827;1;77;79;93;92;77;;;;;;;;;;;;;
ftv47.atsp;15281;ms;1840;1;76;75;92;90;78;;;;;;;;;;;;;
ftv47.atsp;15425;ms;1795;1;77;78;94;92;78;;;;;;;;;;;;;
ftv47.atsp;15453;ms;1833;1;78;76;95;92;77;;;;;;;;;;;;;
ftv47.atsp;15603;ms;1842;1;76;76;92;92;78;;;;;;;;;;;;;
ftv47.atsp;15474;ms;1797;1;78;77;93;93;78;;;;;;;;;;;;;
ftv47.atsp;15622;ms;1795;1;77;77;94;95;79;;;;;;;;;;;;;
ftv47.atsp;15382;ms;1850;1;77;75;92;93;77;;;;;;;;;;;;;
ftv47.atsp;15358;ms;1838;1;78;77;90;92;77;;;;;;;;;;;;;
ftv47.atsp;15575;ms;1840;1;78;77;93;92;80;;;;;;;;;;;;;
ftv47.atsp;15623;ms;1833;1;76;75;90;91;77;;;;;;;;;;;;;
ftv47.atsp;15369;ms;1840;1;77;77;91;93;78;;;;;;;;;;;;;
ftv47.atsp;15298;ms;1874;1;77;75;93;91;77;;;;;;;;;;;;;
ftv47.atsp;15565;ms;1840;1;79;77;92;90;77;;;;;;;;;;;;;
ftv47.atsp;15318;ms;1795;1;77;77;91;93;78;;;;;;;;;;;;;
ftv47.atsp;15413;ms;1845;1;78;78;95;91;79;;;;;;;;;;;;;
ftv47.atsp;15475;ms;1833;1;76;74;89;90;77;;;;;;;;;;;;;
ftv47.atsp;15405;ms;1833;1;77;77;91;91;78;;;;;;;;;;;;;
ftv47.atsp;15420;ms;1874;1;77;77;92;93;78;;;;;;;;;;;;;
ftv47.atsp;15515;ms;1840;1;77;76;92;92;77;;;;;;;;;;;;;
ftv47.atsp;15333;ms;1827;1;78;77;91;93;78;;;;;;;;;;;;;
ftv47.atsp;15393;ms;1827;1;78;78;91;93;78;;;;;;;;;;;;;
ftv47.atsp;15317;ms;1842;1;78;77;93;92;77;;;;;;;;;;;;;
ftv47.atsp;15530;ms;1790;1;77;77;91;94;79;;;;;;;;;;;;;
ftv47.atsp;15503;ms;1863;1;75;75;91;91;76;;;;;;;;;;;;;
ftv47.atsp;15431;ms;1790;1;78;77;91;90;76;;;;;;;;;;;;;
ftv47.atsp;15363;ms;1840;1;79;77;93;93;77;;;;;;;;;;;;;
ftv47.atsp;15321;ms;1833;1;77;78;95;92;78;;;;;;;;;;;;;
ftv47.atsp;15394;ms;1790;1;78;77;92;92;77;;;;;;;;;;;;;
ftv47.atsp;15538;ms;1845;1;78;76;91;92;79;;;;;;;;;;;;;
ftv47.atsp;15395;ms;1835;1;78;77;92;93;79;;;;;;;;;;;;;
ftv47.atsp;15458;ms;1845;1;77;78;94;93;79;;;;;;;;;;;;;
ftv47.atsp;15495;ms;1790;1;78;78;94;92;79;;;;;;;;;;;;;
ftv47.atsp;15417;ms;1863;1;77;76;92;91;78;;;;;;;;;;;;;
ftv47.atsp;15377;ms;1801;1;78;77;92;93;77;;;;;;;;;;;;;
ftv47.atsp;15350;ms;1790;1;77;76;93;92;77;;;;;;;;;;;;;
ftv47.atsp;15397;ms;1790;1;78;77;91;93;79;;;;;;;;;;;;;
ftv47.atsp;15360;ms;1845;1;77;76;91;90;77;;;;;;;;;;;;;
ftv47.atsp;15367;ms;1838;1;78;77;93;93;77;;;;;;;;;;;;;
ftv47.atsp;15478;ms;1838;1;78;75;92;92;77;;;;;;;;;;;;;
ftv47.atsp;15392;ms;1833;1;76;76;93;92;77;;;;;;;;;;;;;
ftv47.atsp;15558;ms;1850;1;77;76;92;93;77;;;;;;;;;;;;;
ftv47.atsp;15437;ms;1790;1;76;75;92;92;77;;;;;;;;;;;;;
ftv47.atsp;15582;ms;1845;1;78;77;92;93;79;;;;;;;;;;;;;
ftv47.atsp;15287;ms;1827;1;77;76;93;92;78;;;;;;;;;;;;;
ftv47.atsp;15812;ms;1833;1;77;78;92;93;78;;;;;;;;;;;;;
ftv47.atsp;15516;ms;1845;1;78;77;93;92;78;;;;;;;;;;;;;
ftv47.atsp;15363;ms;1850;1;77;77;91;92;79;;;;;;;;;;;;;
ftv47.atsp;15359;ms;1845;1;77;77;93;92;78;;;;;;;;;;;;;
ftv47.atsp;15372;ms;1848;1;77;75;93;94;78;;;;;;;;;;;;;
ftv47.atsp;15382;ms;1840;1;78;77;93;93;77;;;;;;;;;;;;;
ftv47.atsp;15487;ms;1842;1;76;76;92;94;77;;;;;;;;;;;;;
ftv47.atsp;15360;ms;1845;1;77;76;91;91;77;;;;;;;;;;;;;
ftv47.atsp;15613;ms;1845;1;77;76;90;93;78;;;;;;;;;;;;;
ftv47.atsp;15441;ms;1790;1;76;76;92;90;78;;;;;;;;;;;;;
ftv47.atsp;15475;ms;1842;1;77;77;91;93;78;;;;;;;;;;;;;
ftv47.atsp;15313;ms;1838;1;78;77;93;92;78;;;;;;;;;;;;;
ftv47.atsp;15464;ms;1850;1;79;76;93;91;78;;;;;;;;;;;;;
ftv47.atsp;15416;ms;1863;1;77;76;91;91;79;;;;;;;;;;;;;
ftv47.atsp;15439;ms;1838;1;76;77;92;92;78;;;;;;;;;;;;;
ftv47.atsp;15459;ms;1842;1;77;78;92;93;78;;;;;;;;;;;;;
ftv47.atsp;15333;ms;1845;1;78;77;91;93;76;;;;;;;;;;;;;
ftv47.atsp;15382;ms;1838;1;77;76;93;92;77;;;;;;;;;;;;;
ftv47.atsp;15435;ms;1845;1;78;77;92;94;78;;;;;;;;;;;;;
ftv47.atsp;15408;ms;1809;1;78;77;92;93;78;;;;;;;;;;;;;
ftv47.atsp;15277;ms;1845;1;78;78;92;94;78;;;;;;;;;;;;;
ftv47.atsp;15517;ms;1833;1;79;76;92;93;79;;;;;;;;;;;;;
ftv47.atsp;15358;ms;1840;1;79;77;92;93;78;;;;;;;;;;;;;
ftv47.atsp;15529;ms;1840;1;78;77;92;94;79;;;;;;;;;;;;;
ftv47.atsp;15303;ms;1842;1;77;76;92;91;77;;;;;;;;;;;;;
ftv47.atsp;15491;ms;1838;1;79;78;93;94;79;;;;;;;;;;;;;
ftv47.atsp;15424;ms;1850;1;78;77;92;91;78;;;;;;;;;;;;;
ftv47.atsp;15570;ms;1842;1;77;77;94;94;81;;;;;;;;;;;;;
ftv47.atsp;15721;ms;1850;1;77;78;91;92;78;;;;;;;;;;;;;
ftv47.atsp;15401;ms;1801;1;78;79;94;92;78;;;;;;;;;;;;;
ftv47.atsp;15494;ms;1840;1;77;77;93;91;78;;;;;;;;;;;;;
ftv47.atsp;15534;ms;1790;1;77;77;93;93;78;;;;;;;;;;;;;
ftv47.atsp;15370;ms;1850;1;79;77;93;94;79;;;;;;;;;;;;;
ftv47.atsp;15491;ms;1863;1;78;77;93;93;78;;;;;;;;;;;;;
ftv47.atsp;15439;ms;1842;1;76;76;93;92;79;;;;;;;;;;;;;
ftv47.atsp;15461;ms;1853;1;78;77;92;92;78;1832.89;1790;83.27878788;23.24958781;1888;;;;;;;;
ftv64.atsp;37846;ms;1896;1;96;94;107;108;96;;;;;;;;;;;;;
ftv64.atsp;37672;ms;1851;1;95;96;108;107;95;;;;;;;;;;;;;
ftv64.atsp;39227;ms;1920;1;89;91;101;100;91;;;;;;;;;;;;;
ftv64.atsp;38044;ms;1839;1;95;94;107;108;96;;;;;;;;;;;;;
ftv64.atsp;37930;ms;1873;1;94;94;106;106;94;;;;;;;;;;;;;
ftv64.atsp;37741;ms;1877;1;93;94;108;105;94;;;;;;;;;;;;;
ftv64.atsp;37982;ms;1893;1;95;96;107;108;95;;;;;;;;;;;;;
ftv64.atsp;37786;ms;1853;1;92;93;104;103;94;;;;;;;;;;;;;
ftv64.atsp;37812;ms;1842;1;93;94;107;108;93;;;;;;;;;;;;;
ftv64.atsp;37944;ms;1873;1;93;94;108;107;94;;;;;;;;;;;;;
ftv64.atsp;37696;ms;1872;1;93;92;106;106;94;;;;;;;;;;;;;
ftv64.atsp;37978;ms;1842;1;95;96;105;108;95;;;;;;;;;;;;;
ftv64.atsp;37640;ms;1872;1;94;93;107;106;94;;;;;;;;;;;;;
ftv64.atsp;38061;ms;1860;1;93;95;106;107;95;;;;;;;;;;;;;
ftv64.atsp;37948;ms;1872;1;92;93;106;105;93;;;;;;;;;;;;;
ftv64.atsp;39666;ms;1842;1;93;94;105;105;94;;;;;;;;;;;;;
ftv64.atsp;38132;ms;1860;1;95;95;106;107;96;;;;;;;;;;;;;
ftv64.atsp;37908;ms;1860;1;94;95;106;107;94;;;;;;;;;;;;;
ftv64.atsp;38169;ms;1859;1;93;94;106;107;95;;;;;;;;;;;;;
ftv64.atsp;37728;ms;1931;1;92;93;105;106;93;;;;;;;;;;;;;
ftv64.atsp;38033;ms;1894;1;94;95;107;108;95;;;;;;;;;;;;;
ftv64.atsp;37962;ms;1857;1;93;93;107;106;94;;;;;;;;;;;;;
ftv64.atsp;37920;ms;1860;1;93;93;106;107;95;;;;;;;;;;;;;
ftv64.atsp;37891;ms;1860;1;95;95;107;106;95;;;;;;;;;;;;;
ftv64.atsp;37973;ms;1891;1;95;94;107;106;96;;;;;;;;;;;;;
ftv64.atsp;37943;ms;1892;1;94;94;106;106;96;;;;;;;;;;;;;
ftv64.atsp;37972;ms;1865;1;92;93;105;104;93;;;;;;;;;;;;;
ftv64.atsp;37894;ms;1872;1;92;91;106;105;94;;;;;;;;;;;;;
ftv64.atsp;39377;ms;1857;1;93;92;104;106;94;;;;;;;;;;;;;
ftv64.atsp;37953;ms;1860;1;90;91;104;104;94;;;;;;;;;;;;;
ftv64.atsp;37999;ms;1869;1;94;93;102;106;93;;;;;;;;;;;;;
ftv64.atsp;38214;ms;1899;1;96;92;107;107;96;;;;;;;;;;;;;
ftv64.atsp;38970;ms;1872;1;94;94;107;105;95;;;;;;;;;;;;;
ftv64.atsp;37893;ms;1860;1;93;94;106;104;93;;;;;;;;;;;;;
ftv64.atsp;37896;ms;1860;1;92;93;105;105;95;;;;;;;;;;;;;
ftv64.atsp;37992;ms;1872;1;94;92;105;105;92;;;;;;;;;;;;;
ftv64.atsp;38037;ms;1875;1;95;93;107;107;94;;;;;;;;;;;;;
ftv64.atsp;37976;ms;1865;1;93;94;104;107;95;;;;;;;;;;;;;
ftv64.atsp;38031;ms;1860;1;94;93;105;104;94;;;;;;;;;;;;;
ftv64.atsp;38035;ms;1858;1;95;93;106;105;95;;;;;;;;;;;;;
ftv64.atsp;37874;ms;1842;1;93;94;106;106;94;;;;;;;;;;;;;
ftv64.atsp;37973;ms;1842;1;92;93;106;106;95;;;;;;;;;;;;;
ftv64.atsp;37895;ms;1860;1;93;94;106;106;94;;;;;;;;;;;;;
ftv64.atsp;37592;ms;1865;1;92;93;105;105;93;;;;;;;;;;;;;
ftv64.atsp;38204;ms;1853;1;90;88;102;101;89;;;;;;;;;;;;;
ftv64.atsp;38009;ms;1872;1;92;94;106;106;93;;;;;;;;;;;;;
ftv64.atsp;38081;ms;1872;1;85;85;97;97;86;;;;;;;;;;;;;
ftv64.atsp;37949;ms;1855;1;90;92;101;101;92;;;;;;;;;;;;;
ftv64.atsp;38030;ms;1865;1;93;93;106;105;94;;;;;;;;;;;;;
ftv64.atsp;38019;ms;1860;1;93;92;106;106;94;;;;;;;;;;;;;
ftv64.atsp;38097;ms;1860;1;90;90;102;102;90;;;;;;;;;;;;;
ftv64.atsp;38186;ms;1885;1;90;88;103;102;92;;;;;;;;;;;;;
ftv64.atsp;37837;ms;1860;1;92;90;103;105;92;;;;;;;;;;;;;
ftv64.atsp;38016;ms;1875;1;89;89;102;101;91;;;;;;;;;;;;;
ftv64.atsp;38177;ms;1857;1;91;93;104;104;94;;;;;;;;;;;;;
ftv64.atsp;38177;ms;1875;1;91;93;104;105;93;;;;;;;;;;;;;
ftv64.atsp;38112;ms;1872;1;94;93;106;106;95;;;;;;;;;;;;;
ftv64.atsp;37816;ms;1899;1;91;93;105;105;94;;;;;;;;;;;;;
ftv64.atsp;38074;ms;1902;1;93;92;104;104;92;;;;;;;;;;;;;
ftv64.atsp;38259;ms;1878;1;93;92;106;103;95;;;;;;;;;;;;;
ftv64.atsp;38022;ms;1872;1;92;93;105;107;93;;;;;;;;;;;;;
ftv64.atsp;38059;ms;1858;1;93;94;107;106;94;;;;;;;;;;;;;
ftv64.atsp;37997;ms;1860;1;93;92;104;104;93;;;;;;;;;;;;;
ftv64.atsp;38059;ms;1872;1;94;93;105;106;95;;;;;;;;;;;;;
ftv64.atsp;38010;ms;1857;1;92;92;106;103;94;;;;;;;;;;;;;
ftv64.atsp;37856;ms;1868;1;94;94;105;105;94;;;;;;;;;;;;;
ftv64.atsp;37883;ms;1842;1;86;86;100;100;87;;;;;;;;;;;;;
ftv64.atsp;38115;ms;1842;1;93;94;104;106;95;;;;;;;;;;;;;
ftv64.atsp;37856;ms;1859;1;93;92;105;106;92;;;;;;;;;;;;;
ftv64.atsp;37803;ms;1865;1;91;92;104;107;94;;;;;;;;;;;;;
ftv64.atsp;38112;ms;1873;1;94;93;107;105;94;;;;;;;;;;;;;
ftv64.atsp;37969;ms;1893;1;94;93;104;108;95;;;;;;;;;;;;;
ftv64.atsp;38069;ms;1893;1;94;93;106;107;94;;;;;;;;;;;;;
ftv64.atsp;38020;ms;1873;1;92;92;104;103;92;;;;;;;;;;;;;
ftv64.atsp;38006;ms;1857;1;94;93;107;105;94;;;;;;;;;;;;;
ftv64.atsp;38096;ms;1902;1;94;94;105;106;95;;;;;;;;;;;;;
ftv64.atsp;37818;ms;1902;1;94;93;108;105;94;;;;;;;;;;;;;
ftv64.atsp;37983;ms;1857;1;93;94;107;106;94;;;;;;;;;;;;;
ftv64.atsp;38296;ms;1873;1;94;95;106;107;96;;;;;;;;;;;;;
ftv64.atsp;37947;ms;1842;1;94;93;105;105;95;;;;;;;;;;;;;
ftv64.atsp;38400;ms;1860;1;93;94;107;106;94;;;;;;;;;;;;;
ftv64.atsp;37715;ms;1857;1;92;92;104;104;92;;;;;;;;;;;;;
ftv64.atsp;38073;ms;1875;1;93;94;107;105;95;;;;;;;;;;;;;
ftv64.atsp;38189;ms;1872;1;93;92;104;105;95;;;;;;;;;;;;;
ftv64.atsp;37875;ms;1842;1;95;93;107;106;95;;;;;;;;;;;;;
ftv64.atsp;38031;ms;1873;1;93;93;106;106;92;;;;;;;;;;;;;
ftv64.atsp;38447;ms;1870;1;93;93;105;106;94;;;;;;;;;;;;;
ftv64.atsp;37965;ms;1857;1;93;92;104;103;93;;;;;;;;;;;;;
ftv64.atsp;38267;ms;1872;1;91;92;103;103;95;;;;;;;;;;;;;
ftv64.atsp;38218;ms;1842;1;92;92;105;105;94;;;;;;;;;;;;;
ftv64.atsp;38119;ms;1868;1;90;90;103;102;92;;;;;;;;;;;;;
ftv64.atsp;38141;ms;1875;1;92;92;104;105;94;;;;;;;;;;;;;
ftv64.atsp;38571;ms;1872;1;90;90;102;102;92;;;;;;;;;;;;;
ftv64.atsp;38061;ms;1855;1;91;93;105;105;92;;;;;;;;;;;;;
ftv64.atsp;38288;ms;1860;1;94;93;105;106;94;;;;;;;;;;;;;
ftv64.atsp;38166;ms;1860;1;94;93;106;106;94;;;;;;;;;;;;;
ftv64.atsp;38074;ms;1872;1;92;93;104;108;95;;;;;;;;;;;;;
ftv64.atsp;38065;ms;1931;1;80;80;90;91;80;;;;;;;;;;;;;
ftv64.atsp;38212;ms;1872;1;92;92;104;105;93;;;;;;;;;;;;;
ftv64.atsp;38146;ms;1857;1;92;92;105;104;95;1868.36;1839;97.74141414;18.21505649;1931;;;;;;;;
ftv64.atsp;27933;ms;1860;1;45;47;52;53;48;;;;;;;;;;;;;
ftv64.atsp;27839;ms;1873;1;47;45;53;52;46;;;;;;;;;;;;;
ftv64.atsp;28012;ms;1868;1;47;47;53;52;47;;;;;;;;;;;;;
ftv64.atsp;27934;ms;1839;1;45;45;52;50;46;;;;;;;;;;;;;
ftv64.atsp;28042;ms;1842;1;46;45;52;52;47;;;;;;;;;;;;;
ftv64.atsp;27966;ms;1868;1;42;43;47;47;42;;;;;;;;;;;;;
ftv64.atsp;28396;ms;1865;1;46;47;53;53;48;;;;;;;;;;;;;
ftv64.atsp;28075;ms;1910;1;47;46;53;53;47;;;;;;;;;;;;;
ftv64.atsp;27995;ms;1894;1;47;46;53;53;46;;;;;;;;;;;;;
ftv64.atsp;28240;ms;1896;1;46;47;53;52;48;;;;;;;;;;;;;
ftv64.atsp;27772;ms;1860;1;46;46;53;53;47;;;;;;;;;;;;;
ftv64.atsp;28223;ms;1872;1;46;45;51;52;48;;;;;;;;;;;;;
ftv64.atsp;28023;ms;1875;1;45;46;52;51;47;;;;;;;;;;;;;
ftv64.atsp;28192;ms;1858;1;47;46;52;51;48;;;;;;;;;;;;;
ftv64.atsp;28082;ms;1842;1;45;45;51;51;46;;;;;;;;;;;;;
ftv64.atsp;28038;ms;1857;1;45;46;52;51;46;;;;;;;;;;;;;
ftv64.atsp;28038;ms;1873;1;47;46;51;52;48;;;;;;;;;;;;;
ftv64.atsp;28204;ms;1872;1;42;43;47;48;44;;;;;;;;;;;;;
ftv64.atsp;28040;ms;1860;1;39;40;43;45;40;;;;;;;;;;;;;
ftv64.atsp;27841;ms;1895;1;44;44;50;49;44;;;;;;;;;;;;;
ftv64.atsp;28068;ms;1872;1;44;44;51;51;46;;;;;;;;;;;;;
ftv64.atsp;29421;ms;1842;1;44;45;50;51;47;;;;;;;;;;;;;
ftv64.atsp;28202;ms;1850;1;44;44;48;49;45;;;;;;;;;;;;;
ftv64.atsp;28112;ms;1868;1;46;47;52;53;48;;;;;;;;;;;;;
ftv64.atsp;28009;ms;1860;1;45;46;53;52;48;;;;;;;;;;;;;
ftv64.atsp;28220;ms;1875;1;45;46;52;51;47;;;;;;;;;;;;;
ftv64.atsp;28198;ms;1899;1;47;46;52;51;48;;;;;;;;;;;;;
ftv64.atsp;27831;ms;1854;1;46;46;52;52;46;;;;;;;;;;;;;
ftv64.atsp;27925;ms;1875;1;46;46;53;54;48;;;;;;;;;;;;;
ftv64.atsp;27907;ms;1893;1;44;44;49;49;43;;;;;;;;;;;;;
ftv64.atsp;27836;ms;1869;1;39;38;44;43;39;;;;;;;;;;;;;
ftv64.atsp;28541;ms;1842;1;48;47;52;52;48;;;;;;;;;;;;;
ftv64.atsp;27835;ms;1857;1;46;46;52;53;48;;;;;;;;;;;;;
ftv64.atsp;28153;ms;1842;1;47;47;52;53;48;;;;;;;;;;;;;
ftv64.atsp;28075;ms;1899;1;46;46;52;53;47;;;;;;;;;;;;;
ftv64.atsp;27861;ms;1873;1;46;47;53;52;47;;;;;;;;;;;;;
ftv64.atsp;29125;ms;1857;1;47;46;52;52;47;;;;;;;;;;;;;
ftv64.atsp;27909;ms;1842;1;47;46;53;52;46;;;;;;;;;;;;;
ftv64.atsp;28433;ms;1842;1;47;46;53;53;48;;;;;;;;;;;;;
ftv64.atsp;28001;ms;1931;1;47;47;52;53;48;;;;;;;;;;;;;
ftv64.atsp;28030;ms;1891;1;46;47;52;53;47;;;;;;;;;;;;;
ftv64.atsp;27700;ms;1873;1;46;46;53;52;47;;;;;;;;;;;;;
ftv64.atsp;28014;ms;1857;1;46;46;53;53;47;;;;;;;;;;;;;
ftv64.atsp;27950;ms;1872;1;47;46;52;52;47;;;;;;;;;;;;;
ftv64.atsp;28015;ms;1872;1;47;47;53;53;47;;;;;;;;;;;;;
ftv64.atsp;27869;ms;1853;1;47;47;51;53;48;;;;;;;;;;;;;
ftv64.atsp;28120;ms;1877;1;47;46;53;53;47;;;;;;;;;;;;;
ftv64.atsp;28137;ms;1875;1;47;46;54;54;48;;;;;;;;;;;;;
ftv64.atsp;28054;ms;1872;1;46;47;53;52;47;;;;;;;;;;;;;
ftv64.atsp;27787;ms;1870;1;47;46;54;52;47;;;;;;;;;;;;;
ftv64.atsp;28157;ms;1875;1;45;45;52;52;47;;;;;;;;;;;;;
ftv64.atsp;28004;ms;1860;1;46;46;53;53;47;;;;;;;;;;;;;
ftv64.atsp;27955;ms;1875;1;45;45;52;52;45;;;;;;;;;;;;;
ftv64.atsp;27938;ms;1842;1;45;45;53;52;47;;;;;;;;;;;;;
ftv64.atsp;28023;ms;1875;1;47;46;52;52;47;;;;;;;;;;;;;
ftv64.atsp;27969;ms;1853;1;46;46;52;53;46;;;;;;;;;;;;;
ftv64.atsp;28225;ms;1875;1;45;45;54;52;47;;;;;;;;;;;;;
ftv64.atsp;28095;ms;1887;1;45;46;52;52;46;;;;;;;;;;;;;
ftv64.atsp;28113;ms;1850;1;46;45;52;52;47;;;;;;;;;;;;;
ftv64.atsp;28250;ms;1875;1;47;47;53;53;47;;;;;;;;;;;;;
ftv64.atsp;27876;ms;1860;1;47;46;52;52;47;;;;;;;;;;;;;
ftv64.atsp;28147;ms;1864;1;46;46;52;52;47;;;;;;;;;;;;;
ftv64.atsp;28060;ms;1860;1;47;46;53;52;47;;;;;;;;;;;;;
ftv64.atsp;28087;ms;1853;1;46;47;52;53;47;;;;;;;;;;;;;
ftv64.atsp;28067;ms;1875;1;46;46;52;52;46;;;;;;;;;;;;;
ftv64.atsp;28178;ms;1875;1;46;48;53;53;48;;;;;;;;;;;;;
ftv64.atsp;28199;ms;1872;1;45;45;52;52;46;;;;;;;;;;;;;
ftv64.atsp;28347;ms;1872;1;46;46;52;51;47;;;;;;;;;;;;;
ftv64.atsp;28223;ms;1875;1;45;45;51;50;45;;;;;;;;;;;;;
ftv64.atsp;28719;ms;1872;1;44;45;50;50;45;;;;;;;;;;;;;
ftv64.atsp;28596;ms;1872;1;46;46;52;51;47;;;;;;;;;;;;;
ftv64.atsp;28264;ms;1857;1;45;45;51;52;46;;;;;;;;;;;;;
ftv64.atsp;28370;ms;1875;1;46;46;52;52;46;;;;;;;;;;;;;
ftv64.atsp;27986;ms;1875;1;48;47;52;52;47;;;;;;;;;;;;;
ftv64.atsp;28019;ms;1872;1;46;46;53;52;47;;;;;;;;;;;;;
ftv64.atsp;28337;ms;1872;1;47;46;51;52;47;;;;;;;;;;;;;
ftv64.atsp;28462;ms;1868;1;45;45;51;50;46;;;;;;;;;;;;;
ftv64.atsp;28249;ms;1842;1;46;46;52;53;47;;;;;;;;;;;;;
ftv64.atsp;28110;ms;1884;1;45;44;51;50;45;;;;;;;;;;;;;
ftv64.atsp;28228;ms;1842;1;45;45;50;51;46;;;;;;;;;;;;;
ftv64.atsp;28249;ms;1842;1;45;45;53;51;46;;;;;;;;;;;;;
ftv64.atsp;28397;ms;1892;1;46;46;53;52;46;;;;;;;;;;;;;
ftv64.atsp;28518;ms;1872;1;46;45;52;52;47;;;;;;;;;;;;;
ftv64.atsp;28358;ms;1875;1;46;46;52;52;47;;;;;;;;;;;;;
ftv64.atsp;28115;ms;1873;1;45;44;51;53;47;;;;;;;;;;;;;
ftv64.atsp;28479;ms;1858;1;45;46;52;51;47;;;;;;;;;;;;;
ftv64.atsp;28450;ms;1872;1;46;45;52;52;47;;;;;;;;;;;;;
ftv64.atsp;28258;ms;1857;1;46;46;52;51;46;;;;;;;;;;;;;
ftv64.atsp;28471;ms;1893;1;46;46;51;53;47;;;;;;;;;;;;;
ftv64.atsp;28194;ms;1855;1;47;47;52;53;46;;;;;;;;;;;;;
ftv64.atsp;28290;ms;1860;1;42;43;48;49;42;;;;;;;;;;;;;
ftv64.atsp;28400;ms;1872;1;45;45;52;51;45;;;;;;;;;;;;;
ftv64.atsp;28657;ms;1875;1;45;45;51;51;46;;;;;;;;;;;;;
ftv64.atsp;28216;ms;1850;1;45;46;52;50;46;;;;;;;;;;;;;
ftv64.atsp;28395;ms;1872;1;43;42;49;48;44;;;;;;;;;;;;;
ftv64.atsp;28365;ms;1872;1;44;44;49;49;44;;;;;;;;;;;;;
ftv64.atsp;28414;ms;1875;1;45;46;52;52;46;;;;;;;;;;;;;
ftv64.atsp;28216;ms;1860;1;44;45;51;51;45;;;;;;;;;;;;;
ftv64.atsp;28523;ms;1860;1;44;45;50;51;47;;;;;;;;;;;;;
ftv64.atsp;28631;ms;1873;1;45;45;50;51;47;1867.95;1839;48.11717172;16.21719688;1931;;;;;;;;
ftv55.atsp;15212;ms;1716;1;29;30;35;35;31;;;;;;;;;;;;;
ftv55.atsp;14899;ms;1704;1;28;29;34;33;28;;;;;;;;;;;;;
ftv55.atsp;15476;ms;1716;1;27;28;31;32;29;;;;;;;;;;;;;
ftv55.atsp;15875;ms;1675;1;30;29;35;35;30;;;;;;;;;;;;;
ftv55.atsp;15042;ms;1704;1;30;30;35;35;31;;;;;;;;;;;;;
ftv55.atsp;14663;ms;1692;1;31;31;35;35;31;;;;;;;;;;;;;
ftv55.atsp;14595;ms;1702;1;31;30;34;36;30;;;;;;;;;;;;;
ftv55.atsp;14672;ms;1716;1;31;30;35;37;32;;;;;;;;;;;;;
ftv55.atsp;14672;ms;1704;1;31;31;35;33;32;;;;;;;;;;;;;
ftv55.atsp;14656;ms;1704;1;30;30;34;36;31;;;;;;;;;;;;;
ftv55.atsp;14933;ms;1747;1;31;30;35;35;32;;;;;;;;;;;;;
ftv55.atsp;14669;ms;1656;1;30;30;36;35;31;;;;;;;;;;;;;
ftv55.atsp;14828;ms;1716;1;31;31;35;36;31;;;;;;;;;;;;;
ftv55.atsp;14853;ms;1669;1;32;31;36;35;32;;;;;;;;;;;;;
ftv55.atsp;14777;ms;1716;1;30;29;35;34;32;;;;;;;;;;;;;
ftv55.atsp;14722;ms;1638;1;29;30;34;35;32;;;;;;;;;;;;;
ftv55.atsp;14634;ms;1704;1;30;31;35;36;32;;;;;;;;;;;;;
ftv55.atsp;14805;ms;1718;1;30;30;35;36;31;;;;;;;;;;;;;
ftv55.atsp;14862;ms;1691;1;31;30;35;35;31;;;;;;;;;;;;;
ftv55.atsp;14829;ms;1704;1;31;30;35;36;31;;;;;;;;;;;;;
ftv55.atsp;14705;ms;1704;1;31;32;35;36;31;;;;;;;;;;;;;
ftv55.atsp;14694;ms;1636;1;32;31;34;34;32;;;;;;;;;;;;;
ftv55.atsp;14849;ms;1705;1;29;30;34;35;31;;;;;;;;;;;;;
ftv55.atsp;14893;ms;1636;1;29;30;33;34;29;;;;;;;;;;;;;
ftv55.atsp;14552;ms;1704;1;30;30;35;36;31;;;;;;;;;;;;;
ftv55.atsp;14543;ms;1704;1;31;31;35;35;31;;;;;;;;;;;;;
ftv55.atsp;14642;ms;1704;1;30;30;35;38;31;;;;;;;;;;;;;
ftv55.atsp;14704;ms;1704;1;31;32;37;35;31;;;;;;;;;;;;;
ftv55.atsp;15026;ms;1716;1;31;31;34;36;32;;;;;;;;;;;;;
ftv55.atsp;14598;ms;1716;1;29;33;35;37;31;;;;;;;;;;;;;
ftv55.atsp;14569;ms;1718;1;30;30;34;35;30;;;;;;;;;;;;;
ftv55.atsp;14605;ms;1653;1;30;29;35;34;31;;;;;;;;;;;;;
ftv55.atsp;15054;ms;1698;1;28;29;32;33;29;;;;;;;;;;;;;
ftv55.atsp;15143;ms;1695;1;31;30;34;36;32;;;;;;;;;;;;;
ftv55.atsp;14898;ms;1704;1;31;29;34;32;30;;;;;;;;;;;;;
ftv55.atsp;14891;ms;1654;1;30;31;38;34;32;;;;;;;;;;;;;
ftv55.atsp;14719;ms;1704;1;30;30;35;35;31;;;;;;;;;;;;;
ftv55.atsp;14777;ms;1704;1;30;30;35;35;31;;;;;;;;;;;;;
ftv55.atsp;14620;ms;1704;1;32;30;34;33;31;;;;;;;;;;;;;
ftv55.atsp;14751;ms;1704;1;30;30;35;35;31;;;;;;;;;;;;;
ftv55.atsp;14641;ms;1716;1;31;31;36;35;30;;;;;;;;;;;;;
ftv55.atsp;14954;ms;1647;1;31;31;35;35;32;;;;;;;;;;;;;
ftv55.atsp;14849;ms;1716;1;30;30;35;34;31;;;;;;;;;;;;;
ftv55.atsp;14810;ms;1704;1;31;30;36;35;31;;;;;;;;;;;;;
ftv55.atsp;15089;ms;1716;1;32;31;35;36;31;;;;;;;;;;;;;
ftv55.atsp;14618;ms;1684;1;30;31;34;36;31;;;;;;;;;;;;;
ftv55.atsp;14752;ms;1722;1;31;30;34;34;31;;;;;;;;;;;;;
ftv55.atsp;14705;ms;1698;1;32;31;36;36;31;;;;;;;;;;;;;
ftv55.atsp;14844;ms;1704;1;31;31;35;36;31;;;;;;;;;;;;;
ftv55.atsp;14537;ms;1645;1;30;30;36;36;31;;;;;;;;;;;;;
ftv55.atsp;14868;ms;1704;1;30;30;34;36;30;;;;;;;;;;;;;
ftv55.atsp;14769;ms;1716;1;31;30;35;36;30;;;;;;;;;;;;;
ftv55.atsp;14847;ms;1704;1;30;29;34;33;31;;;;;;;;;;;;;
ftv55.atsp;14663;ms;1716;1;30;32;35;36;31;;;;;;;;;;;;;
ftv55.atsp;14670;ms;1638;1;31;31;34;35;31;;;;;;;;;;;;;
ftv55.atsp;14771;ms;1704;1;30;30;35;36;31;;;;;;;;;;;;;
ftv55.atsp;14795;ms;1716;1;31;31;34;35;31;;;;;;;;;;;;;
ftv55.atsp;14855;ms;1645;1;31;30;35;35;31;;;;;;;;;;;;;
ftv55.atsp;14555;ms;1716;1;31;30;36;36;30;;;;;;;;;;;;;
ftv55.atsp;14755;ms;1669;1;31;30;35;35;31;;;;;;;;;;;;;
ftv55.atsp;14876;ms;1666;1;31;30;35;35;31;;;;;;;;;;;;;
ftv55.atsp;14671;ms;1718;1;31;30;35;35;31;;;;;;;;;;;;;
ftv55.atsp;14918;ms;1645;1;30;31;35;35;32;;;;;;;;;;;;;
ftv55.atsp;14813;ms;1716;1;31;30;35;37;30;;;;;;;;;;;;;
ftv55.atsp;14854;ms;1704;1;33;31;34;36;31;;;;;;;;;;;;;
ftv55.atsp;14636;ms;1704;1;31;31;34;35;30;;;;;;;;;;;;;
ftv55.atsp;14853;ms;1704;1;29;30;35;35;30;;;;;;;;;;;;;
ftv55.atsp;14598;ms;1704;1;30;32;34;35;31;;;;;;;;;;;;;
ftv55.atsp;14935;ms;1704;1;32;30;36;36;32;;;;;;;;;;;;;
ftv55.atsp;14719;ms;1704;1;30;30;35;37;31;;;;;;;;;;;;;
ftv55.atsp;14891;ms;1704;1;30;30;35;35;31;;;;;;;;;;;;;
ftv55.atsp;14919;ms;1704;1;30;30;36;35;30;;;;;;;;;;;;;
ftv55.atsp;14874;ms;1757;1;31;30;35;35;31;;;;;;;;;;;;;
ftv55.atsp;14639;ms;1716;1;30;31;35;34;31;;;;;;;;;;;;;
ftv55.atsp;15000;ms;1704;1;31;30;35;34;32;;;;;;;;;;;;;
ftv55.atsp;14847;ms;1716;1;31;31;36;35;31;;;;;;;;;;;;;
ftv55.atsp;14874;ms;1704;1;30;30;34;36;31;;;;;;;;;;;;;
ftv55.atsp;14825;ms;1702;1;30;29;34;34;30;;;;;;;;;;;;;
ftv55.atsp;14872;ms;1750;1;30;31;35;37;32;;;;;;;;;;;;;
ftv55.atsp;14779;ms;1702;1;30;30;35;35;31;;;;;;;;;;;;;
ftv55.atsp;14685;ms;1684;1;30;30;34;35;30;;;;;;;;;;;;;
ftv55.atsp;14684;ms;1750;1;30;30;34;34;30;;;;;;;;;;;;;
ftv55.atsp;14579;ms;1716;1;30;31;34;36;30;;;;;;;;;;;;;
ftv55.atsp;14945;ms;1704;1;30;30;35;35;30;;;;;;;;;;;;;
ftv55.atsp;14934;ms;1704;1;31;30;34;34;31;;;;;;;;;;;;;
ftv55.atsp;14795;ms;1704;1;31;31;36;35;31;;;;;;;;;;;;;
ftv55.atsp;14739;ms;1704;1;30;31;36;36;31;;;;;;;;;;;;;
ftv55.atsp;15159;ms;1750;1;29;28;32;32;29;;;;;;;;;;;;;
ftv55.atsp;16071;ms;1702;1;30;31;35;34;32;;;;;;;;;;;;;
ftv55.atsp;14881;ms;1654;1;29;30;34;32;28;;;;;;;;;;;;;
ftv55.atsp;15081;ms;1675;1;31;31;34;35;31;;;;;;;;;;;;;
ftv55.atsp;15018;ms;1704;1;29;30;34;34;30;;;;;;;;;;;;;
ftv55.atsp;14837;ms;1702;1;30;31;35;35;31;;;;;;;;;;;;;
ftv55.atsp;14810;ms;1698;1;30;29;35;35;30;;;;;;;;;;;;;
ftv55.atsp;14799;ms;1704;1;30;31;36;34;30;;;;;;;;;;;;;
ftv55.atsp;14860;ms;1704;1;30;31;34;35;31;;;;;;;;;;;;;
ftv55.atsp;15029;ms;1654;1;31;30;34;35;31;;;;;;;;;;;;;
ftv55.atsp;14928;ms;1638;1;31;30;34;35;30;;;;;;;;;;;;;
ftv55.atsp;15001;ms;1747;1;29;28;34;34;31;;;;;;;;;;;;;
ftv55.atsp;15049;ms;1704;1;30;31;35;35;31;1698.69;1636;32.23838384;26.37173839;1757;;;;;;;;
ftv47.atsp;10638;ms;1840;1;39;38;45;47;39;;;;;;;;;;;;;
ftv47.atsp;10570;ms;1846;1;41;38;45;47;39;;;;;;;;;;;;;
ftv47.atsp;10604;ms;1850;1;40;38;47;47;40;;;;;;;;;;;;;
ftv47.atsp;10460;ms;1840;1;39;39;46;46;39;;;;;;;;;;;;;
ftv47.atsp;10681;ms;1848;1;39;38;46;45;38;;;;;;;;;;;;;
ftv47.atsp;10748;ms;1827;1;38;37;45;46;38;;;;;;;;;;;;;
ftv47.atsp;10572;ms;1851;1;38;38;46;45;38;;;;;;;;;;;;;
ftv47.atsp;10528;ms;1850;1;38;37;44;45;38;;;;;;;;;;;;;
ftv47.atsp;11048;ms;1856;1;31;32;38;38;33;;;;;;;;;;;;;
ftv47.atsp;11022;ms;1853;1;36;36;43;45;37;;;;;;;;;;;;;
ftv47.atsp;10662;ms;1850;1;38;38;48;48;40;;;;;;;;;;;;;
ftv47.atsp;10608;ms;1840;1;39;39;45;45;42;;;;;;;;;;;;;
ftv47.atsp;10561;ms;1840;1;39;38;46;48;39;;;;;;;;;;;;;
ftv47.atsp;10619;ms;1863;1;39;38;46;46;39;;;;;;;;;;;;;
ftv47.atsp;10428;ms;1851;1;40;40;47;46;38;;;;;;;;;;;;;
ftv47.atsp;10648;ms;1845;1;39;38;45;46;39;;;;;;;;;;;;;
ftv47.atsp;10457;ms;1872;1;38;40;47;47;40;;;;;;;;;;;;;
ftv47.atsp;10476;ms;1833;1;38;40;48;46;39;;;;;;;;;;;;;
ftv47.atsp;10306;ms;1838;1;39;40;46;48;39;;;;;;;;;;;;;
ftv47.atsp;10571;ms;1872;1;39;39;46;46;40;;;;;;;;;;;;;
ftv47.atsp;10496;ms;1843;1;39;39;47;46;40;;;;;;;;;;;;;
ftv47.atsp;10478;ms;1850;1;31;31;38;39;33;;;;;;;;;;;;;
ftv47.atsp;10970;ms;1850;1;37;38;45;47;39;;;;;;;;;;;;;
ftv47.atsp;10572;ms;1888;1;40;38;45;45;40;;;;;;;;;;;;;
ftv47.atsp;10601;ms;1840;1;39;38;46;48;39;;;;;;;;;;;;;
ftv47.atsp;10519;ms;1853;1;38;37;45;47;39;;;;;;;;;;;;;
ftv47.atsp;10466;ms;1838;1;39;38;47;46;39;;;;;;;;;;;;;
ftv47.atsp;10507;ms;1888;1;40;38;45;48;40;;;;;;;;;;;;;
ftv47.atsp;10499;ms;1856;1;39;39;48;45;39;;;;;;;;;;;;;
ftv47.atsp;10511;ms;1838;1;38;38;47;48;40;;;;;;;;;;;;;
ftv47.atsp;10528;ms;1881;1;38;39;46;45;40;;;;;;;;;;;;;
ftv47.atsp;10596;ms;1850;1;39;37;46;46;39;;;;;;;;;;;;;
ftv47.atsp;10507;ms;1790;1;39;38;45;45;38;;;;;;;;;;;;;
ftv47.atsp;10566;ms;1838;1;40;38;44;47;40;;;;;;;;;;;;;
ftv47.atsp;10573;ms;1801;1;40;38;48;47;40;;;;;;;;;;;;;
ftv47.atsp;10600;ms;1840;1;40;39;47;46;40;;;;;;;;;;;;;
ftv47.atsp;10500;ms;1795;1;38;40;45;46;39;;;;;;;;;;;;;
ftv47.atsp;10590;ms;1790;1;39;39;44;46;39;;;;;;;;;;;;;
ftv47.atsp;10457;ms;1863;1;40;39;46;47;38;;;;;;;;;;;;;
ftv47.atsp;10542;ms;1888;1;39;39;48;46;40;;;;;;;;;;;;;
ftv47.atsp;10456;ms;1842;1;38;38;45;47;40;;;;;;;;;;;;;
ftv47.atsp;10472;ms;1840;1;39;40;47;48;39;;;;;;;;;;;;;
ftv47.atsp;10644;ms;1840;1;39;39;47;47;40;;;;;;;;;;;;;
ftv47.atsp;10461;ms;1848;1;41;39;46;47;38;;;;;;;;;;;;;
ftv47.atsp;10577;ms;1806;1;38;38;46;46;39;;;;;;;;;;;;;
ftv47.atsp;10500;ms;1842;1;39;38;48;46;39;;;;;;;;;;;;;
ftv47.atsp;10448;ms;1856;1;39;39;46;47;38;;;;;;;;;;;;;
ftv47.atsp;10523;ms;1853;1;38;37;45;45;39;;;;;;;;;;;;;
ftv47.atsp;10528;ms;1838;1;39;39;46;45;39;;;;;;;;;;;;;
ftv47.atsp;10586;ms;1846;1;38;38;46;45;39;;;;;;;;;;;;;
ftv47.atsp;10565;ms;1886;1;38;37;49;48;41;;;;;;;;;;;;;
ftv47.atsp;10403;ms;1851;1;39;37;45;48;39;;;;;;;;;;;;;
ftv47.atsp;10366;ms;1859;1;38;38;47;47;39;;;;;;;;;;;;;
ftv47.atsp;10588;ms;1825;1;38;39;45;46;39;;;;;;;;;;;;;
ftv47.atsp;10449;ms;1881;1;38;38;46;46;38;;;;;;;;;;;;;
ftv47.atsp;10711;ms;1846;1;37;38;45;45;40;;;;;;;;;;;;;
ftv47.atsp;10666;ms;1855;1;38;37;46;45;39;;;;;;;;;;;;;
ftv47.atsp;10523;ms;1855;1;37;37;46;46;37;;;;;;;;;;;;;
ftv47.atsp;10605;ms;1798;1;38;37;46;44;38;;;;;;;;;;;;;
ftv47.atsp;10613;ms;1872;1;38;38;45;47;39;;;;;;;;;;;;;
ftv47.atsp;10730;ms;1881;1;39;39;46;46;39;;;;;;;;;;;;;
ftv47.atsp;10661;ms;1838;1;38;37;45;46;39;;;;;;;;;;;;;
ftv47.atsp;10689;ms;1842;1;39;37;44;45;38;;;;;;;;;;;;;
ftv47.atsp;10615;ms;1881;1;38;39;46;45;39;;;;;;;;;;;;;
ftv47.atsp;10562;ms;1833;1;38;37;44;45;37;;;;;;;;;;;;;
ftv47.atsp;10722;ms;1838;1;38;37;46;47;40;;;;;;;;;;;;;
ftv47.atsp;10615;ms;1845;1;39;37;45;47;38;;;;;;;;;;;;;
ftv47.atsp;10668;ms;1785;1;36;34;42;43;36;;;;;;;;;;;;;
ftv47.atsp;10966;ms;1798;1;31;30;36;37;31;;;;;;;;;;;;;
ftv47.atsp;11635;ms;1841;1;31;32;37;37;32;;;;;;;;;;;;;
ftv47.atsp;11106;ms;1830;1;29;30;36;35;30;;;;;;;;;;;;;
ftv47.atsp;10732;ms;1840;1;36;37;44;45;38;;;;;;;;;;;;;
ftv47.atsp;10610;ms;1833;1;38;38;46;46;39;;;;;;;;;;;;;
ftv47.atsp;10545;ms;1842;1;35;36;43;44;37;;;;;;;;;;;;;
ftv47.atsp;10438;ms;1842;1;38;37;44;45;38;;;;;;;;;;;;;
ftv47.atsp;10597;ms;1867;1;38;38;45;45;40;;;;;;;;;;;;;
ftv47.atsp;10760;ms;1856;1;37;37;44;43;39;;;;;;;;;;;;;
ftv47.atsp;10579;ms;1801;1;38;38;47;47;39;;;;;;;;;;;;;
ftv47.atsp;10660;ms;1863;1;34;34;41;42;35;;;;;;;;;;;;;
ftv47.atsp;10813;ms;1790;1;35;34;43;42;36;;;;;;;;;;;;;
ftv47.atsp;11088;ms;1845;1;34;32;39;40;35;;;;;;;;;;;;;
ftv47.atsp;11250;ms;1840;1;36;35;42;43;37;;;;;;;;;;;;;
ftv47.atsp;11076;ms;1845;1;36;36;44;44;37;;;;;;;;;;;;;
ftv47.atsp;10858;ms;1833;1;39;37;44;45;36;;;;;;;;;;;;;
ftv47.atsp;10471;ms;1838;1;38;37;45;45;37;;;;;;;;;;;;;
ftv47.atsp;10568;ms;1845;1;39;39;45;46;40;;;;;;;;;;;;;
ftv47.atsp;10870;ms;1845;1;39;38;46;47;40;;;;;;;;;;;;;
ftv47.atsp;10532;ms;1863;1;33;33;39;40;33;;;;;;;;;;;;;
ftv47.atsp;10871;ms;1809;1;38;38;44;44;39;;;;;;;;;;;;;
ftv47.atsp;10709;ms;1790;1;39;37;46;47;40;;;;;;;;;;;;;
ftv47.atsp;10600;ms;1863;1;39;39;45;46;38;;;;;;;;;;;;;
ftv47.atsp;10577;ms;1845;1;38;38;46;44;37;;;;;;;;;;;;;
ftv47.atsp;11009;ms;1842;1;35;35;42;41;37;;;;;;;;;;;;;
ftv47.atsp;10660;ms;1888;1;39;38;45;46;38;;;;;;;;;;;;;
ftv47.atsp;10553;ms;1845;1;38;38;47;46;39;;;;;;;;;;;;;
ftv47.atsp;10725;ms;1851;1;39;38;46;46;39;;;;;;;;;;;;;
ftv47.atsp;10770;ms;1886;1;36;36;42;44;38;;;;;;;;;;;;;
ftv47.atsp;10890;ms;1798;1;37;36;43;44;37;;;;;;;;;;;;;
ftv47.atsp;10635;ms;1845;1;37;37;44;44;36;;;;;;;;;;;;;
ftv47.atsp;10979;ms;1833;1;36;36;43;43;38;1843.79;1785;40.66464646;23.65035503;1888;;;;;;;;
ftv64.atsp;23627;ms;1860;1;24;23;26;24;24;;;;;;;;;;;;;
ftv64.atsp;23702;ms;1891;1;22;21;23;24;22;;;;;;;;;;;;;
ftv64.atsp;24197;ms;1899;1;21;22;24;24;22;;;;;;;;;;;;;
ftv64.atsp;23415;ms;1873;1;23;23;26;25;23;;;;;;;;;;;;;
ftv64.atsp;24012;ms;1858;1;23;23;26;27;24;;;;;;;;;;;;;
ftv64.atsp;24193;ms;1891;1;20;20;23;23;22;;;;;;;;;;;;;
ftv64.atsp;24185;ms;1857;1;24;23;26;26;24;;;;;;;;;;;;;
ftv64.atsp;23597;ms;1911;1;20;21;23;23;22;;;;;;;;;;;;;
ftv64.atsp;23466;ms;1875;1;22;22;24;25;23;;;;;;;;;;;;;
ftv64.atsp;23437;ms;1896;1;24;23;25;26;24;;;;;;;;;;;;;
ftv64.atsp;23475;ms;1868;1;20;19;23;23;19;;;;;;;;;;;;;
ftv64.atsp;23647;ms;1842;1;21;22;24;25;23;;;;;;;;;;;;;
ftv64.atsp;23255;ms;1857;1;24;24;25;25;23;;;;;;;;;;;;;
ftv64.atsp;23080;ms;1894;1;24;24;27;26;24;;;;;;;;;;;;;
ftv64.atsp;22989;ms;1878;1;20;18;22;22;19;;;;;;;;;;;;;
ftv64.atsp;23400;ms;1876;1;23;24;25;26;25;;;;;;;;;;;;;
ftv64.atsp;23390;ms;1872;1;23;22;24;23;23;;;;;;;;;;;;;
ftv64.atsp;23323;ms;1899;1;23;22;25;25;23;;;;;;;;;;;;;
ftv64.atsp;22917;ms;1875;1;19;19;22;22;19;;;;;;;;;;;;;
ftv64.atsp;23266;ms;1878;1;21;20;24;24;21;;;;;;;;;;;;;
ftv64.atsp;25090;ms;1842;1;20;20;23;24;22;;;;;;;;;;;;;
ftv64.atsp;23891;ms;1875;1;22;22;24;24;22;;;;;;;;;;;;;
ftv64.atsp;22799;ms;1919;1;23;23;26;26;23;;;;;;;;;;;;;
ftv64.atsp;23184;ms;1875;1;24;23;26;27;25;;;;;;;;;;;;;
ftv64.atsp;23165;ms;1875;1;23;23;26;25;23;;;;;;;;;;;;;
ftv64.atsp;23286;ms;1860;1;24;24;26;26;25;;;;;;;;;;;;;
ftv64.atsp;23084;ms;1872;1;23;24;25;26;24;;;;;;;;;;;;;
ftv64.atsp;23261;ms;1875;1;24;25;26;25;24;;;;;;;;;;;;;
ftv64.atsp;23163;ms;1875;1;24;23;26;27;25;;;;;;;;;;;;;
ftv64.atsp;22930;ms;1850;1;23;23;26;26;23;;;;;;;;;;;;;
ftv64.atsp;24339;ms;1890;1;22;21;22;23;22;;;;;;;;;;;;;
ftv64.atsp;25263;ms;1857;1;22;23;26;25;24;;;;;;;;;;;;;
ftv64.atsp;27839;ms;1910;1;16;16;19;19;16;;;;;;;;;;;;;
ftv64.atsp;26065;ms;1879;1;20;19;22;22;21;;;;;;;;;;;;;
ftv64.atsp;25786;ms;1872;1;23;22;25;26;24;;;;;;;;;;;;;
ftv64.atsp;23149;ms;1910;1;22;23;25;25;22;;;;;;;;;;;;;
ftv64.atsp;25422;ms;1857;1;20;20;22;22;22;;;;;;;;;;;;;
ftv64.atsp;23952;ms;1860;1;20;21;23;23;21;;;;;;;;;;;;;
ftv64.atsp;24517;ms;1892;1;21;21;24;23;21;;;;;;;;;;;;;
ftv64.atsp;24605;ms;1931;1;22;22;23;24;20;;;;;;;;;;;;;
ftv64.atsp;25817;ms;1850;1;17;18;20;20;18;;;;;;;;;;;;;
ftv64.atsp;25738;ms;1875;1;21;21;23;24;21;;;;;;;;;;;;;
ftv64.atsp;24398;ms;1897;1;21;20;24;23;21;;;;;;;;;;;;;
ftv64.atsp;25085;ms;1872;1;21;21;24;23;22;;;;;;;;;;;;;
ftv64.atsp;25975;ms;1899;1;19;19;20;21;20;;;;;;;;;;;;;
ftv64.atsp;26783;ms;1887;1;20;20;22;23;20;;;;;;;;;;;;;
ftv64.atsp;24590;ms;1875;1;21;22;25;24;21;;;;;;;;;;;;;
ftv64.atsp;24209;ms;1875;1;22;22;24;24;22;;;;;;;;;;;;;
ftv64.atsp;23949;ms;1872;1;22;22;25;25;23;;;;;;;;;;;;;
ftv64.atsp;24113;ms;1872;1;22;22;25;26;23;;;;;;;;;;;;;
ftv64.atsp;23760;ms;1868;1;22;21;24;25;22;;;;;;;;;;;;;
ftv64.atsp;24651;ms;1897;1;18;18;20;21;18;;;;;;;;;;;;;
ftv64.atsp;23963;ms;1875;1;22;23;25;25;23;;;;;;;;;;;;;
ftv64.atsp;23825;ms;1891;1;22;23;26;25;23;;;;;;;;;;;;;
ftv64.atsp;23593;ms;1872;1;23;23;25;25;23;;;;;;;;;;;;;
ftv64.atsp;23917;ms;1875;1;23;23;25;25;24;;;;;;;;;;;;;
ftv64.atsp;23901;ms;1842;1;23;23;26;25;24;;;;;;;;;;;;;
ftv64.atsp;24045;ms;1875;1;23;23;25;26;23;;;;;;;;;;;;;
ftv64.atsp;23854;ms;1878;1;23;23;26;26;24;;;;;;;;;;;;;
ftv64.atsp;23646;ms;1842;1;23;23;26;26;23;;;;;;;;;;;;;
ftv64.atsp;23872;ms;1887;1;23;23;25;26;24;;;;;;;;;;;;;
ftv64.atsp;24176;ms;1894;1;23;23;25;25;24;;;;;;;;;;;;;
ftv64.atsp;24022;ms;1899;1;23;23;25;26;23;;;;;;;;;;;;;
ftv64.atsp;23698;ms;1875;1;22;23;25;26;22;;;;;;;;;;;;;
ftv64.atsp;23975;ms;1858;1;22;22;25;25;23;;;;;;;;;;;;;
ftv64.atsp;24133;ms;1901;1;22;23;25;26;23;;;;;;;;;;;;;
ftv64.atsp;23741;ms;1860;1;22;23;26;26;23;;;;;;;;;;;;;
ftv64.atsp;24363;ms;1872;1;22;22;25;25;23;;;;;;;;;;;;;
ftv64.atsp;24036;ms;1842;1;23;23;25;26;24;;;;;;;;;;;;;
ftv64.atsp;24036;ms;1860;1;23;23;25;25;24;;;;;;;;;;;;;
ftv64.atsp;24172;ms;1899;1;23;23;25;25;23;;;;;;;;;;;;;
ftv64.atsp;23656;ms;1861;1;22;22;25;26;23;;;;;;;;;;;;;
ftv64.atsp;23778;ms;1891;1;22;22;26;25;22;;;;;;;;;;;;;
ftv64.atsp;23770;ms;1878;1;23;23;25;25;23;;;;;;;;;;;;;
ftv64.atsp;23985;ms;1860;1;23;22;26;25;23;;;;;;;;;;;;;
ftv64.atsp;23862;ms;1868;1;23;23;26;25;24;;;;;;;;;;;;;
ftv64.atsp;23965;ms;1897;1;22;22;25;25;22;;;;;;;;;;;;;
ftv64.atsp;23853;ms;1884;1;23;23;26;25;24;;;;;;;;;;;;;
ftv64.atsp;24306;ms;1873;1;23;22;25;25;23;;;;;;;;;;;;;
ftv64.atsp;24222;ms;1875;1;22;21;24;24;22;;;;;;;;;;;;;
ftv64.atsp;24083;ms;1857;1;22;23;25;25;23;;;;;;;;;;;;;
ftv64.atsp;24306;ms;1892;1;22;23;25;26;23;;;;;;;;;;;;;
ftv64.atsp;24134;ms;1884;1;22;23;25;24;23;;;;;;;;;;;;;
ftv64.atsp;24240;ms;1872;1;22;22;24;24;23;;;;;;;;;;;;;
ftv64.atsp;24158;ms;1899;1;23;22;25;25;23;;;;;;;;;;;;;
ftv64.atsp;24215;ms;1873;1;22;22;24;25;23;;;;;;;;;;;;;
ftv64.atsp;24113;ms;1860;1;22;22;25;25;22;;;;;;;;;;;;;
ftv64.atsp;24137;ms;1872;1;22;23;25;26;23;;;;;;;;;;;;;
ftv64.atsp;24190;ms;1873;1;22;22;24;24;23;;;;;;;;;;;;;
ftv64.atsp;24627;ms;1891;1;22;21;24;24;22;;;;;;;;;;;;;
ftv64.atsp;24418;ms;1872;1;21;22;24;24;23;;;;;;;;;;;;;
ftv64.atsp;24405;ms;1891;1;22;22;24;25;23;;;;;;;;;;;;;
ftv64.atsp;24570;ms;1955;1;22;22;24;25;22;;;;;;;;;;;;;
ftv64.atsp;24385;ms;1902;1;21;22;24;24;23;;;;;;;;;;;;;
ftv64.atsp;24028;ms;1873;1;21;21;23;24;21;;;;;;;;;;;;;
ftv64.atsp;24375;ms;1842;1;22;22;25;24;23;;;;;;;;;;;;;
ftv64.atsp;24118;ms;1875;1;21;21;23;24;20;;;;;;;;;;;;;
ftv64.atsp;24085;ms;1869;1;23;22;25;25;23;;;;;;;;;;;;;
ftv64.atsp;24113;ms;1872;1;23;22;24;25;23;;;;;;;;;;;;;
ftv64.atsp;24305;ms;1872;1;22;22;25;25;23;1877.45;1842;23.07272727;19.33457415;1955;;;;;;;;
ftv55.atsp;11272;ms;1808;1;6;6;7;6;6;;;;;;;;;;;;;
ftv55.atsp;11530;ms;1796;1;6;5;6;6;6;;;;;;;;;;;;;
ftv55.atsp;11727;ms;1816;1;5;5;6;6;5;;;;;;;;;;;;;
ftv55.atsp;12172;ms;1768;1;5;6;6;6;6;;;;;;;;;;;;;
ftv55.atsp;11494;ms;1721;1;6;6;6;7;6;;;;;;;;;;;;;
ftv55.atsp;11479;ms;1825;1;6;6;7;7;6;;;;;;;;;;;;;
ftv55.atsp;11170;ms;1821;1;6;6;7;7;6;;;;;;;;;;;;;
ftv55.atsp;11171;ms;1786;1;6;6;6;6;6;;;;;;;;;;;;;
ftv55.atsp;11143;ms;1816;1;6;6;6;6;6;;;;;;;;;;;;;
ftv55.atsp;11155;ms;1803;1;6;6;6;6;6;;;;;;;;;;;;;
ftv55.atsp;11234;ms;1825;1;6;6;6;6;6;;;;;;;;;;;;;
ftv55.atsp;11179;ms;1825;1;6;6;6;6;6;;;;;;;;;;;;;
ftv55.atsp;11134;ms;1808;1;6;6;6;6;6;;;;;;;;;;;;;
ftv55.atsp;11035;ms;1727;1;6;6;6;6;6;;;;;;;;;;;;;
ftv55.atsp;11201;ms;1802;1;6;6;6;7;6;;;;;;;;;;;;;
ftv55.atsp;11219;ms;1825;1;6;6;6;6;6;;;;;;;;;;;;;
ftv55.atsp;11219;ms;1808;1;6;5;6;6;6;;;;;;;;;;;;;
ftv55.atsp;11337;ms;1735;1;6;6;6;7;7;;;;;;;;;;;;;
ftv55.atsp;11089;ms;1816;1;6;6;6;6;6;;;;;;;;;;;;;
ftv55.atsp;11483;ms;1797;1;6;6;6;6;7;;;;;;;;;;;;;
ftv55.atsp;11311;ms;1802;1;6;6;6;6;6;;;;;;;;;;;;;
ftv55.atsp;11586;ms;1802;1;6;6;7;6;7;;;;;;;;;;;;;
ftv55.atsp;11129;ms;1823;1;5;5;6;6;6;;;;;;;;;;;;;
ftv55.atsp;11185;ms;1830;1;6;6;6;6;7;;;;;;;;;;;;;
ftv55.atsp;11287;ms;1786;1;6;6;7;6;7;;;;;;;;;;;;;
ftv55.atsp;11292;ms;1796;1;7;6;6;6;7;;;;;;;;;;;;;
ftv55.atsp;11477;ms;1808;1;6;6;6;6;7;;;;;;;;;;;;;
ftv55.atsp;11352;ms;1796;1;6;6;6;7;7;;;;;;;;;;;;;
ftv55.atsp;11369;ms;1825;1;5;5;6;6;6;;;;;;;;;;;;;
ftv55.atsp;11387;ms;1816;1;5;5;6;6;6;;;;;;;;;;;;;
ftv55.atsp;11392;ms;1830;1;6;6;6;6;6;;;;;;;;;;;;;
ftv55.atsp;11366;ms;1826;1;6;6;7;6;7;;;;;;;;;;;;;
ftv55.atsp;11243;ms;1808;1;6;6;6;7;6;;;;;;;;;;;;;
ftv55.atsp;11256;ms;1832;1;6;6;7;7;6;;;;;;;;;;;;;
ftv55.atsp;11350;ms;1808;1;6;6;6;6;7;;;;;;;;;;;;;
ftv55.atsp;11171;ms;1808;1;6;6;7;6;6;;;;;;;;;;;;;
ftv55.atsp;11193;ms;1793;1;6;6;6;6;6;;;;;;;;;;;;;
ftv55.atsp;11357;ms;1758;1;6;6;6;7;6;;;;;;;;;;;;;
ftv55.atsp;11306;ms;1772;1;6;6;7;6;6;;;;;;;;;;;;;
ftv55.atsp;11228;ms;1786;1;6;6;6;6;6;;;;;;;;;;;;;
ftv55.atsp;11562;ms;1802;1;6;6;7;6;7;;;;;;;;;;;;;
ftv55.atsp;11186;ms;1816;1;6;6;7;7;6;;;;;;;;;;;;;
ftv55.atsp;11509;ms;1830;1;5;5;6;6;6;;;;;;;;;;;;;
ftv55.atsp;13230;ms;1816;1;5;5;5;5;5;;;;;;;;;;;;;
ftv55.atsp;13277;ms;1840;1;6;6;5;6;6;;;;;;;;;;;;;
ftv55.atsp;12076;ms;1816;1;5;5;6;6;5;;;;;;;;;;;;;
ftv55.atsp;12377;ms;1786;1;5;5;5;6;6;;;;;;;;;;;;;
ftv55.atsp;13124;ms;1826;1;5;5;5;5;5;;;;;;;;;;;;;
ftv55.atsp;12987;ms;1818;1;6;6;6;7;6;;;;;;;;;;;;;
ftv55.atsp;12112;ms;1781;1;5;5;6;6;6;;;;;;;;;;;;;
ftv55.atsp;11826;ms;1825;1;5;5;6;6;6;;;;;;;;;;;;;
ftv55.atsp;11420;ms;1840;1;6;6;7;6;6;;;;;;;;;;;;;
ftv55.atsp;11453;ms;1735;1;6;5;6;6;6;;;;;;;;;;;;;
ftv55.atsp;11559;ms;1802;1;6;6;6;6;6;;;;;;;;;;;;;
ftv55.atsp;11477;ms;1825;1;5;5;5;6;6;;;;;;;;;;;;;
ftv55.atsp;12674;ms;1796;1;6;6;6;6;6;;;;;;;;;;;;;
ftv55.atsp;11569;ms;1826;1;5;5;6;6;6;;;;;;;;;;;;;
ftv55.atsp;11333;ms;1816;1;6;5;6;6;6;;;;;;;;;;;;;
ftv55.atsp;11608;ms;1808;1;5;5;6;7;6;;;;;;;;;;;;;
ftv55.atsp;11606;ms;1761;1;6;6;6;6;6;;;;;;;;;;;;;
ftv55.atsp;11630;ms;1798;1;6;5;6;6;6;;;;;;;;;;;;;
ftv55.atsp;12971;ms;1749;1;4;4;5;5;5;;;;;;;;;;;;;
ftv55.atsp;12502;ms;1826;1;4;4;5;5;5;;;;;;;;;;;;;
ftv55.atsp;13004;ms;1791;1;5;5;5;6;6;;;;;;;;;;;;;
ftv55.atsp;12276;ms;1825;1;5;5;6;6;6;;;;;;;;;;;;;
ftv55.atsp;11769;ms;1830;1;5;5;6;6;6;;;;;;;;;;;;;
ftv55.atsp;11446;ms;1753;1;5;5;6;6;6;;;;;;;;;;;;;
ftv55.atsp;11244;ms;1825;1;6;6;6;6;6;;;;;;;;;;;;;
ftv55.atsp;11361;ms;1803;1;6;5;6;6;6;;;;;;;;;;;;;
ftv55.atsp;11342;ms;1791;1;5;6;6;7;6;;;;;;;;;;;;;
ftv55.atsp;11330;ms;1816;1;4;4;5;5;4;;;;;;;;;;;;;
ftv55.atsp;11490;ms;1808;1;6;6;6;6;6;;;;;;;;;;;;;
ftv55.atsp;11874;ms;1825;1;5;5;6;5;6;;;;;;;;;;;;;
ftv55.atsp;11745;ms;1825;1;5;5;5;5;5;;;;;;;;;;;;;
ftv55.atsp;12024;ms;1811;1;6;6;6;6;7;;;;;;;;;;;;;
ftv55.atsp;12521;ms;1762;1;5;5;6;6;6;;;;;;;;;;;;;
ftv55.atsp;12151;ms;1825;1;5;5;6;6;6;;;;;;;;;;;;;
ftv55.atsp;12124;ms;1841;1;5;5;6;6;6;;;;;;;;;;;;;
ftv55.atsp;11646;ms;1840;1;6;5;6;6;6;;;;;;;;;;;;;
ftv55.atsp;11425;ms;1781;1;6;6;6;6;6;;;;;;;;;;;;;
ftv55.atsp;11467;ms;1823;1;6;6;6;6;6;;;;;;;;;;;;;
ftv55.atsp;11396;ms;1826;1;5;6;6;6;6;;;;;;;;;;;;;
ftv55.atsp;11469;ms;1840;1;5;6;6;6;6;;;;;;;;;;;;;
ftv55.atsp;11837;ms;1793;1;5;5;6;5;6;;;;;;;;;;;;;
ftv55.atsp;11659;ms;1825;1;6;6;6;6;6;;;;;;;;;;;;;
ftv55.atsp;11608;ms;1825;1;6;6;6;6;7;;;;;;;;;;;;;
ftv55.atsp;11340;ms;1801;1;6;6;6;6;6;;;;;;;;;;;;;
ftv55.atsp;11481;ms;1825;1;5;5;6;6;6;;;;;;;;;;;;;
ftv55.atsp;11585;ms;1781;1;6;6;7;6;6;;;;;;;;;;;;;
ftv55.atsp;12057;ms;1825;1;5;5;6;6;6;;;;;;;;;;;;;
ftv55.atsp;11889;ms;1830;1;5;5;5;5;6;;;;;;;;;;;;;
ftv55.atsp;11980;ms;1808;1;6;5;5;5;5;;;;;;;;;;;;;
ftv55.atsp;12879;ms;1786;1;5;5;5;5;6;;;;;;;;;;;;;
ftv55.atsp;12807;ms;1816;1;5;4;5;5;5;;;;;;;;;;;;;
ftv55.atsp;12428;ms;1825;1;5;6;6;6;6;;;;;;;;;;;;;
ftv55.atsp;11455;ms;1775;1;5;5;6;6;6;;;;;;;;;;;;;
ftv55.atsp;14212;ms;1830;1;5;5;5;6;6;;;;;;;;;;;;;
ftv55.atsp;12051;ms;1791;1;4;4;5;5;5;;;;;;;;;;;;;
ftv55.atsp;13095;ms;1834;1;5;4;5;5;5;;;;;;;;;;;;;
ftv55.atsp;12691;ms;1816;1;5;5;6;6;6;1805.98;1721;5.798;25.82027236;1841;;;;;;;;
ftv55.atsp;12983;ms;1757;1;11;10;11;12;11;;;;;;;;;;;;;
ftv55.atsp;14208;ms;1791;1;8;8;9;9;10;;;;;;;;;;;;;
ftv55.atsp;14407;ms;1779;1;10;10;11;12;10;;;;;;;;;;;;;
ftv55.atsp;14059;ms;1769;1;9;10;10;10;10;;;;;;;;;;;;;
ftv55.atsp;13993;ms;1747;1;9;10;11;11;10;;;;;;;;;;;;;
ftv55.atsp;12426;ms;1754;1;12;12;13;13;12;;;;;;;;;;;;;
ftv55.atsp;12175;ms;1757;1;12;12;13;13;12;;;;;;;;;;;;;
ftv55.atsp;13502;ms;1757;1;11;11;12;12;11;;;;;;;;;;;;;
ftv55.atsp;13757;ms;1747;1;10;10;11;11;10;;;;;;;;;;;;;
ftv55.atsp;14257;ms;1665;1;9;9;10;10;10;;;;;;;;;;;;;
ftv55.atsp;13078;ms;1769;1;10;10;12;12;10;;;;;;;;;;;;;
ftv55.atsp;13662;ms;1733;1;11;11;13;13;12;;;;;;;;;;;;;
ftv55.atsp;13082;ms;1764;1;11;12;13;13;12;;;;;;;;;;;;;
ftv55.atsp;12479;ms;1743;1;12;12;13;13;12;;;;;;;;;;;;;
ftv55.atsp;12486;ms;1714;1;11;11;12;13;12;;;;;;;;;;;;;
ftv55.atsp;12627;ms;1769;1;11;11;13;13;12;;;;;;;;;;;;;
ftv55.atsp;12363;ms;1732;1;12;12;13;13;12;;;;;;;;;;;;;
ftv55.atsp;12365;ms;1762;1;11;11;13;13;12;;;;;;;;;;;;;
ftv55.atsp;12410;ms;1750;1;11;11;13;13;12;;;;;;;;;;;;;
ftv55.atsp;12343;ms;1769;1;12;11;13;13;12;;;;;;;;;;;;;
ftv55.atsp;12432;ms;1786;1;11;12;13;13;12;;;;;;;;;;;;;
ftv55.atsp;12420;ms;1752;1;11;11;13;13;12;;;;;;;;;;;;;
ftv55.atsp;12525;ms;1757;1;11;11;13;13;12;;;;;;;;;;;;;
ftv55.atsp;12419;ms;1757;1;12;12;13;14;12;;;;;;;;;;;;;
ftv55.atsp;12424;ms;1748;1;12;11;13;13;12;;;;;;;;;;;;;
ftv55.atsp;12542;ms;1716;1;11;11;13;13;12;;;;;;;;;;;;;
ftv55.atsp;12578;ms;1747;1;11;11;13;13;12;;;;;;;;;;;;;
ftv55.atsp;12384;ms;1743;1;12;12;13;14;12;;;;;;;;;;;;;
ftv55.atsp;12342;ms;1747;1;11;11;13;13;12;;;;;;;;;;;;;
ftv55.atsp;12458;ms;1757;1;11;11;13;13;12;;;;;;;;;;;;;
ftv55.atsp;12414;ms;1802;1;12;12;13;13;12;;;;;;;;;;;;;
ftv55.atsp;12363;ms;1784;1;11;11;13;13;11;;;;;;;;;;;;;
ftv55.atsp;12556;ms;1784;1;11;11;13;13;12;;;;;;;;;;;;;
ftv55.atsp;12334;ms;1740;1;12;11;13;13;12;;;;;;;;;;;;;
ftv55.atsp;12464;ms;1757;1;11;11;13;13;12;;;;;;;;;;;;;
ftv55.atsp;12491;ms;1769;1;11;11;12;13;12;;;;;;;;;;;;;
ftv55.atsp;12429;ms;1707;1;12;11;13;13;12;;;;;;;;;;;;;
ftv55.atsp;12540;ms;1769;1;11;11;13;13;12;;;;;;;;;;;;;
ftv55.atsp;12302;ms;1775;1;11;11;13;12;11;;;;;;;;;;;;;
ftv55.atsp;12561;ms;1748;1;12;11;13;13;12;;;;;;;;;;;;;
ftv55.atsp;12599;ms;1731;1;11;12;13;13;12;;;;;;;;;;;;;
ftv55.atsp;12475;ms;1769;1;11;11;13;13;12;;;;;;;;;;;;;
ftv55.atsp;12523;ms;1717;1;11;11;13;13;12;;;;;;;;;;;;;
ftv55.atsp;12463;ms;1774;1;12;11;13;13;12;;;;;;;;;;;;;
ftv55.atsp;12447;ms;1723;1;11;11;13;13;12;;;;;;;;;;;;;
ftv55.atsp;12524;ms;1716;1;12;11;13;13;12;;;;;;;;;;;;;
ftv55.atsp;12445;ms;1762;1;12;11;13;13;12;;;;;;;;;;;;;
ftv55.atsp;12214;ms;1705;1;11;12;14;13;12;;;;;;;;;;;;;
ftv55.atsp;12336;ms;1735;1;12;11;13;14;12;;;;;;;;;;;;;
ftv55.atsp;12342;ms;1769;1;11;11;13;13;12;;;;;;;;;;;;;
ftv55.atsp;12528;ms;1735;1;11;12;13;13;12;;;;;;;;;;;;;
ftv55.atsp;12395;ms;1747;1;11;12;12;13;12;;;;;;;;;;;;;
ftv55.atsp;12373;ms;1769;1;11;11;13;13;12;;;;;;;;;;;;;
ftv55.atsp;12254;ms;1747;1;12;11;13;13;12;;;;;;;;;;;;;
ftv55.atsp;12496;ms;1747;1;12;12;13;13;12;;;;;;;;;;;;;
ftv55.atsp;12227;ms;1745;1;12;11;13;13;11;;;;;;;;;;;;;
ftv55.atsp;12447;ms;1816;1;11;11;13;13;12;;;;;;;;;;;;;
ftv55.atsp;12339;ms;1765;1;11;12;13;13;12;;;;;;;;;;;;;
ftv55.atsp;12448;ms;1732;1;12;11;13;13;12;;;;;;;;;;;;;
ftv55.atsp;12385;ms;1769;1;12;11;13;13;12;;;;;;;;;;;;;
ftv55.atsp;12528;ms;1759;1;12;12;14;13;12;;;;;;;;;;;;;
ftv55.atsp;12366;ms;1771;1;12;11;13;14;12;;;;;;;;;;;;;
ftv55.atsp;12364;ms;1712;1;11;11;13;13;12;;;;;;;;;;;;;
ftv55.atsp;12384;ms;1769;1;12;11;13;13;12;;;;;;;;;;;;;
ftv55.atsp;12324;ms;1752;1;12;12;13;13;12;;;;;;;;;;;;;
ftv55.atsp;12308;ms;1772;1;11;12;13;13;12;;;;;;;;;;;;;
ftv55.atsp;12219;ms;1757;1;12;12;13;13;12;;;;;;;;;;;;;
ftv55.atsp;12320;ms;1647;1;11;12;13;14;12;;;;;;;;;;;;;
ftv55.atsp;12393;ms;1747;1;11;11;13;13;12;;;;;;;;;;;;;
ftv55.atsp;12262;ms;1802;1;11;11;13;13;12;;;;;;;;;;;;;
ftv55.atsp;12376;ms;1670;1;12;11;13;13;12;;;;;;;;;;;;;
ftv55.atsp;12345;ms;1743;1;12;12;13;13;12;;;;;;;;;;;;;
ftv55.atsp;12470;ms;1769;1;11;11;13;13;12;;;;;;;;;;;;;
ftv55.atsp;12626;ms;1748;1;9;8;9;10;8;;;;;;;;;;;;;
ftv55.atsp;13730;ms;1795;1;8;8;10;9;8;;;;;;;;;;;;;
ftv55.atsp;12912;ms;1757;1;11;11;12;13;13;;;;;;;;;;;;;
ftv55.atsp;12461;ms;1740;1;11;11;12;13;12;;;;;;;;;;;;;
ftv55.atsp;13224;ms;1784;1;10;9;12;11;11;;;;;;;;;;;;;
ftv55.atsp;12773;ms;1716;1;11;11;12;12;11;;;;;;;;;;;;;
ftv55.atsp;13602;ms;1794;1;9;8;10;10;9;;;;;;;;;;;;;
ftv55.atsp;13169;ms;1771;1;11;11;11;12;11;;;;;;;;;;;;;
ftv55.atsp;12558;ms;1769;1;11;11;13;13;12;;;;;;;;;;;;;
ftv55.atsp;12423;ms;1726;1;11;11;12;13;12;;;;;;;;;;;;;
ftv55.atsp;12591;ms;1762;1;11;11;13;13;12;;;;;;;;;;;;;
ftv55.atsp;12359;ms;1762;1;11;11;13;13;11;;;;;;;;;;;;;
ftv55.atsp;12895;ms;1663;1;11;11;12;12;12;;;;;;;;;;;;;
ftv55.atsp;13055;ms;1762;1;11;11;12;13;12;;;;;;;;;;;;;
ftv55.atsp;12751;ms;1716;1;11;11;12;13;12;;;;;;;;;;;;;
ftv55.atsp;12612;ms;1771;1;12;11;12;12;12;;;;;;;;;;;;;
ftv55.atsp;13192;ms;1825;1;8;8;10;9;9;;;;;;;;;;;;;
ftv55.atsp;13828;ms;1756;1;9;10;11;11;10;;;;;;;;;;;;;
ftv55.atsp;14332;ms;1663;1;10;10;12;11;10;;;;;;;;;;;;;
ftv55.atsp;13496;ms;1784;1;10;10;12;12;11;;;;;;;;;;;;;
ftv55.atsp;13532;ms;1802;1;7;8;9;9;8;;;;;;;;;;;;;
ftv55.atsp;16403;ms;1789;1;8;8;8;8;9;;;;;;;;;;;;;
ftv55.atsp;15557;ms;1747;1;10;10;12;11;10;;;;;;;;;;;;;
ftv55.atsp;13419;ms;1783;1;9;9;10;10;9;;;;;;;;;;;;;
ftv55.atsp;15239;ms;1771;1;11;10;12;13;11;;;;;;;;;;;;;
ftv55.atsp;12843;ms;1784;1;11;10;12;13;11;;;;;;;;;;;;;
ftv55.atsp;13180;ms;1769;1;10;10;12;12;12;1753.25;1647;11.596;31.56662827;1825;;;;;;;;
ftv47.atsp;7328;ms;1905;1;5;4;5;5;6;;;;;;;;;;;;;
ftv47.atsp;7316;ms;1931;1;7;7;8;8;7;;;;;;;;;;;;;
ftv47.atsp;6915;ms;1933;1;7;7;7;8;7;;;;;;;;;;;;;
ftv47.atsp;8168;ms;1953;1;4;4;5;5;6;;;;;;;;;;;;;
ftv47.atsp;7842;ms;1936;1;7;7;7;7;7;;;;;;;;;;;;;
ftv47.atsp;7650;ms;1891;1;6;6;7;8;6;;;;;;;;;;;;;
ftv47.atsp;7919;ms;1925;1;6;6;7;6;7;;;;;;;;;;;;;
ftv47.atsp;8003;ms;1976;1;5;5;6;6;6;;;;;;;;;;;;;
ftv47.atsp;8278;ms;1912;1;6;7;7;7;7;;;;;;;;;;;;;
ftv47.atsp;7670;ms;1918;1;6;6;7;8;7;;;;;;;;;;;;;
ftv47.atsp;7434;ms;1920;1;6;6;7;7;7;;;;;;;;;;;;;
ftv47.atsp;7312;ms;1901;1;7;7;8;7;7;;;;;;;;;;;;;
ftv47.atsp;7414;ms;1945;1;5;5;6;6;6;;;;;;;;;;;;;
ftv47.atsp;8017;ms;1925;1;5;5;6;6;6;;;;;;;;;;;;;
ftv47.atsp;7612;ms;1933;1;6;6;7;7;6;;;;;;;;;;;;;
ftv47.atsp;7352;ms;1920;1;7;7;8;8;6;;;;;;;;;;;;;
ftv47.atsp;7420;ms;1901;1;7;7;8;8;7;;;;;;;;;;;;;
ftv47.atsp;6927;ms;1886;1;7;7;9;8;8;;;;;;;;;;;;;
ftv47.atsp;6886;ms;1924;1;7;7;8;8;8;;;;;;;;;;;;;
ftv47.atsp;7294;ms;1901;1;7;7;7;7;8;;;;;;;;;;;;;
ftv47.atsp;6989;ms;1897;1;7;6;7;8;7;;;;;;;;;;;;;
ftv47.atsp;7302;ms;1905;1;7;7;8;8;7;;;;;;;;;;;;;
ftv47.atsp;7482;ms;1905;1;7;6;8;8;8;;;;;;;;;;;;;
ftv47.atsp;7140;ms;1841;1;7;7;8;8;7;;;;;;;;;;;;;
ftv47.atsp;7006;ms;1925;1;7;7;8;8;7;;;;;;;;;;;;;
ftv47.atsp;7152;ms;1905;1;7;7;7;7;7;;;;;;;;;;;;;
ftv47.atsp;7120;ms;1925;1;7;7;8;8;7;;;;;;;;;;;;;
ftv47.atsp;6981;ms;1890;1;7;7;8;8;8;;;;;;;;;;;;;
ftv47.atsp;7062;ms;1923;1;7;6;8;8;7;;;;;;;;;;;;;
ftv47.atsp;7259;ms;1904;1;6;6;7;7;7;;;;;;;;;;;;;
ftv47.atsp;6993;ms;1913;1;7;7;9;9;8;;;;;;;;;;;;;
ftv47.atsp;6911;ms;1904;1;8;7;8;9;8;;;;;;;;;;;;;
ftv47.atsp;6752;ms;1900;1;7;8;8;8;7;;;;;;;;;;;;;
ftv47.atsp;7278;ms;1877;1;7;7;8;7;7;;;;;;;;;;;;;
ftv47.atsp;7268;ms;1861;1;7;7;8;8;8;;;;;;;;;;;;;
ftv47.atsp;7368;ms;1927;1;7;7;7;8;7;;;;;;;;;;;;;
ftv47.atsp;7138;ms;1901;1;7;7;8;8;7;;;;;;;;;;;;;
ftv47.atsp;7562;ms;1922;1;6;6;7;8;6;;;;;;;;;;;;;
ftv47.atsp;7094;ms;1867;1;7;7;8;9;8;;;;;;;;;;;;;
ftv47.atsp;6694;ms;1930;1;7;8;9;9;7;;;;;;;;;;;;;
ftv47.atsp;6853;ms;1957;1;7;7;8;8;7;;;;;;;;;;;;;
ftv47.atsp;7091;ms;1860;1;8;7;8;9;8;;;;;;;;;;;;;
ftv47.atsp;7539;ms;1873;1;7;7;8;8;8;;;;;;;;;;;;;
ftv47.atsp;7009;ms;1874;1;7;7;9;8;7;;;;;;;;;;;;;
ftv47.atsp;7060;ms;1841;1;7;7;7;8;8;;;;;;;;;;;;;
ftv47.atsp;7399;ms;1925;1;7;6;8;7;8;;;;;;;;;;;;;
ftv47.atsp;7507;ms;1875;1;6;6;7;7;8;;;;;;;;;;;;;
ftv47.atsp;6755;ms;1901;1;7;7;8;8;7;;;;;;;;;;;;;
ftv47.atsp;7340;ms;1908;1;8;7;8;9;8;;;;;;;;;;;;;
ftv47.atsp;7049;ms;1878;1;7;7;8;9;8;;;;;;;;;;;;;
ftv47.atsp;6852;ms;1890;1;7;7;7;7;7;;;;;;;;;;;;;
ftv47.atsp;7016;ms;1928;1;7;7;8;8;8;;;;;;;;;;;;;
ftv47.atsp;6956;ms;1937;1;7;7;8;8;8;;;;;;;;;;;;;
ftv47.atsp;6996;ms;1933;1;7;7;9;8;7;;;;;;;;;;;;;
ftv47.atsp;6906;ms;1901;1;7;7;8;9;8;;;;;;;;;;;;;
ftv47.atsp;6909;ms;1920;1;7;7;8;8;8;;;;;;;;;;;;;
ftv47.atsp;6898;ms;1897;1;7;7;8;8;8;;;;;;;;;;;;;
ftv47.atsp;7252;ms;1901;1;6;6;8;7;7;;;;;;;;;;;;;
ftv47.atsp;7615;ms;1927;1;6;6;7;7;7;;;;;;;;;;;;;
ftv47.atsp;7738;ms;1925;1;6;6;7;7;7;;;;;;;;;;;;;
ftv47.atsp;7771;ms;1882;1;6;6;7;6;7;;;;;;;;;;;;;
ftv47.atsp;7670;ms;1901;1;6;6;7;7;6;;;;;;;;;;;;;
ftv47.atsp;8144;ms;1925;1;5;5;7;7;6;;;;;;;;;;;;;
ftv47.atsp;8434;ms;1925;1;6;6;7;7;7;;;;;;;;;;;;;
ftv47.atsp;7971;ms;1921;1;5;6;7;7;5;;;;;;;;;;;;;
ftv47.atsp;7544;ms;1890;1;5;5;6;7;6;;;;;;;;;;;;;
ftv47.atsp;6987;ms;1909;1;7;8;9;9;7;;;;;;;;;;;;;
ftv47.atsp;6865;ms;1926;1;7;7;8;9;8;;;;;;;;;;;;;
ftv47.atsp;7029;ms;1943;1;7;7;8;8;7;;;;;;;;;;;;;
ftv47.atsp;7477;ms;2003;1;6;5;6;5;6;;;;;;;;;;;;;
ftv47.atsp;8006;ms;1923;1;7;7;8;8;6;;;;;;;;;;;;;
ftv47.atsp;7520;ms;1940;1;7;7;8;8;7;;;;;;;;;;;;;
ftv47.atsp;6994;ms;1841;1;7;7;8;8;8;;;;;;;;;;;;;
ftv47.atsp;6857;ms;1944;1;7;7;8;8;8;;;;;;;;;;;;;
ftv47.atsp;6954;ms;1929;1;7;7;9;8;8;;;;;;;;;;;;;
ftv47.atsp;6771;ms;1901;1;7;7;9;9;8;;;;;;;;;;;;;
ftv47.atsp;6754;ms;1885;1;7;7;8;9;8;;;;;;;;;;;;;
ftv47.atsp;6883;ms;1957;1;6;6;7;7;7;;;;;;;;;;;;;
ftv47.atsp;6999;ms;1945;1;7;6;7;8;7;;;;;;;;;;;;;
ftv47.atsp;6996;ms;1936;1;7;7;8;9;8;;;;;;;;;;;;;
ftv47.atsp;6898;ms;1913;1;7;7;8;8;7;;;;;;;;;;;;;
ftv47.atsp;7128;ms;1913;1;6;6;7;7;7;;;;;;;;;;;;;
ftv47.atsp;6773;ms;1907;1;7;7;9;8;7;;;;;;;;;;;;;
ftv47.atsp;7203;ms;1975;1;7;6;8;8;7;;;;;;;;;;;;;
ftv47.atsp;7262;ms;1908;1;6;6;6;6;6;;;;;;;;;;;;;
ftv47.atsp;7273;ms;1843;1;7;6;8;8;7;;;;;;;;;;;;;
ftv47.atsp;6941;ms;1905;1;6;5;7;7;6;;;;;;;;;;;;;
ftv47.atsp;7260;ms;1919;1;7;6;8;8;7;;;;;;;;;;;;;
ftv47.atsp;7049;ms;1968;1;6;6;8;7;6;;;;;;;;;;;;;
ftv47.atsp;7011;ms;1889;1;7;7;9;9;7;;;;;;;;;;;;;
ftv47.atsp;7082;ms;1901;1;7;7;8;7;8;;;;;;;;;;;;;
ftv47.atsp;7276;ms;1945;1;5;5;7;6;5;;;;;;;;;;;;;
ftv47.atsp;8154;ms;1926;1;7;6;7;8;7;;;;;;;;;;;;;
ftv47.atsp;7759;ms;1904;1;5;6;6;6;8;;;;;;;;;;;;;
ftv47.atsp;8121;ms;1944;1;5;5;5;6;6;;;;;;;;;;;;;
ftv47.atsp;7217;ms;1953;1;7;7;8;8;7;;;;;;;;;;;;;
ftv47.atsp;7230;ms;1904;1;6;6;7;8;6;;;;;;;;;;;;;
ftv47.atsp;7708;ms;1919;1;7;6;8;8;7;;;;;;;;;;;;;
ftv47.atsp;7276;ms;1921;1;6;7;8;8;7;;;;;;;;;;;;;
ftv47.atsp;7079;ms;1908;1;6;7;7;7;7;1913;1841;7.054;28.84966257;2003;;;;;;;;
ftv47.atsp;8445;ms;1890;1;12;13;14;15;14;;;;;;;;;;;;;
ftv47.atsp;8512;ms;1874;1;14;14;17;17;15;;;;;;;;;;;;;
ftv47.atsp;8055;ms;1849;1;14;15;16;17;15;;;;;;;;;;;;;
ftv47.atsp;8046;ms;1860;1;14;13;15;17;14;;;;;;;;;;;;;
ftv47.atsp;8195;ms;1922;1;13;14;15;15;14;;;;;;;;;;;;;
ftv47.atsp;8268;ms;1906;1;14;14;16;16;15;;;;;;;;;;;;;
ftv47.atsp;8132;ms;1897;1;11;11;13;14;12;;;;;;;;;;;;;
ftv47.atsp;8588;ms;1860;1;14;14;17;17;15;;;;;;;;;;;;;
ftv47.atsp;8242;ms;1875;1;13;13;15;15;13;;;;;;;;;;;;;
ftv47.atsp;8522;ms;1856;1;14;14;16;16;13;;;;;;;;;;;;;
ftv47.atsp;8497;ms;1871;1;15;14;17;17;15;;;;;;;;;;;;;
ftv47.atsp;8352;ms;1908;1;14;13;16;16;14;;;;;;;;;;;;;
ftv47.atsp;8303;ms;1888;1;13;13;16;16;14;;;;;;;;;;;;;
ftv47.atsp;8164;ms;1870;1;14;13;16;16;14;;;;;;;;;;;;;
ftv47.atsp;8533;ms;1854;1;14;14;17;17;15;;;;;;;;;;;;;
ftv47.atsp;8395;ms;1899;1;15;15;16;17;16;;;;;;;;;;;;;
ftv47.atsp;8104;ms;1853;1;13;14;16;17;15;;;;;;;;;;;;;
ftv47.atsp;8074;ms;1885;1;14;14;16;17;14;;;;;;;;;;;;;
ftv47.atsp;8116;ms;1859;1;12;12;14;14;12;;;;;;;;;;;;;
ftv47.atsp;7898;ms;1828;1;12;12;16;16;12;;;;;;;;;;;;;
ftv47.atsp;8202;ms;1841;1;14;14;15;16;14;;;;;;;;;;;;;
ftv47.atsp;8204;ms;1841;1;14;13;17;17;15;;;;;;;;;;;;;
ftv47.atsp;8063;ms;1897;1;13;13;16;17;14;;;;;;;;;;;;;
ftv47.atsp;8195;ms;1891;1;14;13;17;16;14;;;;;;;;;;;;;
ftv47.atsp;8105;ms;1867;1;14;14;17;16;14;;;;;;;;;;;;;
ftv47.atsp;7755;ms;1870;1;15;14;17;17;15;;;;;;;;;;;;;
ftv47.atsp;7753;ms;1855;1;15;14;17;17;15;;;;;;;;;;;;;
ftv47.atsp;8007;ms;1881;1;15;14;17;17;15;;;;;;;;;;;;;
ftv47.atsp;8318;ms;1854;1;13;13;15;15;13;;;;;;;;;;;;;
ftv47.atsp;8295;ms;1874;1;11;11;14;14;12;;;;;;;;;;;;;
ftv47.atsp;8670;ms;1890;1;14;13;16;16;14;;;;;;;;;;;;;
ftv47.atsp;7856;ms;1842;1;13;13;16;16;14;;;;;;;;;;;;;
ftv47.atsp;8229;ms;1854;1;12;13;15;16;14;;;;;;;;;;;;;
ftv47.atsp;8666;ms;1886;1;13;13;16;16;14;;;;;;;;;;;;;
ftv47.atsp;8839;ms;1854;1;12;11;14;15;12;;;;;;;;;;;;;
ftv47.atsp;8189;ms;1888;1;14;13;16;16;14;;;;;;;;;;;;;
ftv47.atsp;8561;ms;1886;1;12;12;14;14;12;;;;;;;;;;;;;
ftv47.atsp;8534;ms;1891;1;14;13;17;17;13;;;;;;;;;;;;;
ftv47.atsp;9302;ms;1897;1;14;14;16;16;15;;;;;;;;;;;;;
ftv47.atsp;7855;ms;1848;1;13;13;17;17;13;;;;;;;;;;;;;
ftv47.atsp;8528;ms;1838;1;13;13;15;15;14;;;;;;;;;;;;;
ftv47.atsp;8500;ms;1899;1;14;14;16;16;14;;;;;;;;;;;;;
ftv47.atsp;8085;ms;1866;1;14;14;16;17;14;;;;;;;;;;;;;
ftv47.atsp;8638;ms;1877;1;14;14;17;16;14;;;;;;;;;;;;;
ftv47.atsp;8020;ms;1856;1;15;14;17;17;16;;;;;;;;;;;;;
ftv47.atsp;8147;ms;1841;1;15;14;17;17;15;;;;;;;;;;;;;
ftv47.atsp;8697;ms;1881;1;13;13;15;15;14;;;;;;;;;;;;;
ftv47.atsp;8176;ms;1891;1;14;14;17;17;14;;;;;;;;;;;;;
ftv47.atsp;8102;ms;1850;1;12;12;14;14;12;;;;;;;;;;;;;
ftv47.atsp;8133;ms;1886;1;14;14;16;15;14;;;;;;;;;;;;;
ftv47.atsp;8138;ms;1860;1;14;14;16;17;14;;;;;;;;;;;;;
ftv47.atsp;8588;ms;1859;1;13;14;16;16;14;;;;;;;;;;;;;
ftv47.atsp;7793;ms;1890;1;13;14;17;16;14;;;;;;;;;;;;;
ftv47.atsp;8143;ms;1899;1;12;12;15;14;13;;;;;;;;;;;;;
ftv47.atsp;8420;ms;1860;1;13;13;15;16;14;;;;;;;;;;;;;
ftv47.atsp;8311;ms;1853;1;12;12;14;14;13;;;;;;;;;;;;;
ftv47.atsp;8157;ms;1856;1;15;14;17;17;14;;;;;;;;;;;;;
ftv47.atsp;8025;ms;1853;1;15;14;17;17;15;;;;;;;;;;;;;
ftv47.atsp;8117;ms;1845;1;13;13;14;14;13;;;;;;;;;;;;;
ftv47.atsp;8241;ms;1891;1;13;12;14;14;13;;;;;;;;;;;;;
ftv47.atsp;8074;ms;1859;1;14;14;16;17;14;;;;;;;;;;;;;
ftv47.atsp;8196;ms;1886;1;14;13;16;16;14;;;;;;;;;;;;;
ftv47.atsp;8342;ms;1897;1;14;14;17;17;15;;;;;;;;;;;;;
ftv47.atsp;8067;ms;1863;1;13;13;16;15;14;;;;;;;;;;;;;
ftv47.atsp;8068;ms;1899;1;14;14;17;16;14;;;;;;;;;;;;;
ftv47.atsp;7929;ms;1904;1;15;15;17;18;15;;;;;;;;;;;;;
ftv47.atsp;7743;ms;1851;1;14;14;18;18;15;;;;;;;;;;;;;
ftv47.atsp;7674;ms;1897;1;14;14;18;18;15;;;;;;;;;;;;;
ftv47.atsp;7770;ms;1859;1;15;15;18;18;15;;;;;;;;;;;;;
ftv47.atsp;7783;ms;1889;1;15;15;17;17;15;;;;;;;;;;;;;
ftv47.atsp;7754;ms;1890;1;14;14;18;18;15;;;;;;;;;;;;;
ftv47.atsp;7757;ms;1886;1;15;15;17;18;15;;;;;;;;;;;;;
ftv47.atsp;7857;ms;1883;1;15;15;17;18;16;;;;;;;;;;;;;
ftv47.atsp;7763;ms;1868;1;15;15;18;18;15;;;;;;;;;;;;;
ftv47.atsp;7741;ms;1879;1;15;15;17;17;15;;;;;;;;;;;;;
ftv47.atsp;7746;ms;1886;1;14;15;18;17;15;;;;;;;;;;;;;
ftv47.atsp;7768;ms;1901;1;15;15;17;18;15;;;;;;;;;;;;;
ftv47.atsp;7948;ms;1897;1;13;12;15;15;14;;;;;;;;;;;;;
ftv47.atsp;8048;ms;1856;1;14;14;17;17;15;;;;;;;;;;;;;
ftv47.atsp;7839;ms;1856;1;15;14;17;18;15;;;;;;;;;;;;;
ftv47.atsp;7975;ms;1895;1;15;15;17;17;15;;;;;;;;;;;;;
ftv47.atsp;8215;ms;1838;1;13;13;16;16;14;;;;;;;;;;;;;
ftv47.atsp;7987;ms;1875;1;15;14;17;17;15;;;;;;;;;;;;;
ftv47.atsp;8040;ms;1800;1;14;14;17;17;15;;;;;;;;;;;;;
ftv47.atsp;7956;ms;1892;1;15;14;17;17;15;;;;;;;;;;;;;
ftv47.atsp;7816;ms;1845;1;14;14;17;17;14;;;;;;;;;;;;;
ftv47.atsp;7834;ms;1883;1;15;15;17;17;15;;;;;;;;;;;;;
ftv47.atsp;8007;ms;1890;1;15;14;16;17;15;;;;;;;;;;;;;
ftv47.atsp;8002;ms;1863;1;14;15;17;17;15;;;;;;;;;;;;;
ftv47.atsp;7907;ms;1883;1;15;14;17;17;15;;;;;;;;;;;;;
ftv47.atsp;7863;ms;1856;1;14;14;17;18;15;;;;;;;;;;;;;
ftv47.atsp;7961;ms;1888;1;15;15;17;17;15;;;;;;;;;;;;;
ftv47.atsp;7851;ms;1798;1;14;14;17;17;14;;;;;;;;;;;;;
ftv47.atsp;8005;ms;1899;1;14;14;17;17;15;;;;;;;;;;;;;
ftv47.atsp;7947;ms;1867;1;14;15;17;18;15;;;;;;;;;;;;;
ftv47.atsp;7784;ms;1894;1;14;14;16;17;15;;;;;;;;;;;;;
ftv47.atsp;8112;ms;1886;1;14;15;17;17;15;;;;;;;;;;;;;
ftv47.atsp;7835;ms;1841;1;14;13;17;17;14;;;;;;;;;;;;;
ftv47.atsp;7968;ms;1888;1;15;14;17;17;15;;;;;;;;;;;;;
ftv47.atsp;7808;ms;1856;1;15;15;18;17;15;1872.05;1798;14.896;22.76199872;1922;;;;;;;;
ftv55.atsp;25133;ms;1704;1;104;93;106;106;90;;;;;;;;;;;;;
ftv55.atsp;25145;ms;1704;1;106;95;103;105;90;;;;;;;;;;;;;
ftv55.atsp;25100;ms;1704;1;100;89;102;98;87;;;;;;;;;;;;;
ftv55.atsp;25707;ms;1704;1;98;87;102;101;87;;;;;;;;;;;;;
ftv55.atsp;25047;ms;1635;1;104;92;101;104;90;;;;;;;;;;;;;
ftv55.atsp;25021;ms;1628;1;105;94;105;105;90;;;;;;;;;;;;;
ftv55.atsp;25093;ms;1704;1;106;93;105;106;92;;;;;;;;;;;;;
ftv55.atsp;25064;ms;1636;1;107;94;104;104;92;;;;;;;;;;;;;
ftv55.atsp;24910;ms;1628;1;105;93;104;104;91;;;;;;;;;;;;;
ftv55.atsp;25139;ms;1704;1;103;92;103;104;91;;;;;;;;;;;;;
ftv55.atsp;25178;ms;1704;1;98;85;97;97;85;;;;;;;;;;;;;
ftv55.atsp;24985;ms;1704;1;106;92;105;105;91;;;;;;;;;;;;;
ftv55.atsp;24915;ms;1704;1;105;91;104;106;90;;;;;;;;;;;;;
ftv55.atsp;25147;ms;1628;1;107;94;106;106;93;;;;;;;;;;;;;
ftv55.atsp;25161;ms;1704;1;106;93;104;105;91;;;;;;;;;;;;;
ftv55.atsp;25058;ms;1647;1;104;92;104;105;90;;;;;;;;;;;;;
ftv55.atsp;25261;ms;1704;1;105;92;104;104;91;;;;;;;;;;;;;
ftv55.atsp;24886;ms;1704;1;106;92;105;103;90;;;;;;;;;;;;;
ftv55.atsp;24925;ms;1704;1;106;92;105;104;91;;;;;;;;;;;;;
ftv55.atsp;25042;ms;1704;1;106;91;105;105;91;;;;;;;;;;;;;
ftv55.atsp;24868;ms;1629;1;106;93;105;107;91;;;;;;;;;;;;;
ftv55.atsp;24911;ms;1682;1;107;92;104;105;91;;;;;;;;;;;;;
ftv55.atsp;25020;ms;1704;1;107;93;104;106;92;;;;;;;;;;;;;
ftv55.atsp;24944;ms;1704;1;105;92;105;104;91;;;;;;;;;;;;;
ftv55.atsp;25063;ms;1704;1;107;93;106;106;91;;;;;;;;;;;;;
ftv55.atsp;24960;ms;1704;1;105;92;104;104;91;;;;;;;;;;;;;
ftv55.atsp;25004;ms;1704;1;107;95;103;107;92;;;;;;;;;;;;;
ftv55.atsp;25031;ms;1628;1;103;91;103;104;88;;;;;;;;;;;;;
ftv55.atsp;24875;ms;1628;1;106;95;106;106;93;;;;;;;;;;;;;
ftv55.atsp;24959;ms;1659;1;107;94;105;105;93;;;;;;;;;;;;;
ftv55.atsp;24898;ms;1661;1;108;94;105;106;90;;;;;;;;;;;;;
ftv55.atsp;24950;ms;1704;1;106;93;106;107;91;;;;;;;;;;;;;
ftv55.atsp;24965;ms;1704;1;107;91;106;103;91;;;;;;;;;;;;;
ftv55.atsp;24984;ms;1704;1;106;92;105;105;91;;;;;;;;;;;;;
ftv55.atsp;25087;ms;1704;1;107;92;106;106;92;;;;;;;;;;;;;
ftv55.atsp;24993;ms;1704;1;106;93;103;106;92;;;;;;;;;;;;;
ftv55.atsp;24967;ms;1704;1;106;93;107;106;91;;;;;;;;;;;;;
ftv55.atsp;25008;ms;1704;1;105;94;106;107;92;;;;;;;;;;;;;
ftv55.atsp;25021;ms;1628;1;104;93;102;105;91;;;;;;;;;;;;;
ftv55.atsp;25086;ms;1704;1;107;94;106;108;94;;;;;;;;;;;;;
ftv55.atsp;25025;ms;1608;1;106;92;104;104;90;;;;;;;;;;;;;
ftv55.atsp;24954;ms;1704;1;102;92;105;103;89;;;;;;;;;;;;;
ftv55.atsp;25054;ms;1704;1;105;92;103;103;89;;;;;;;;;;;;;
ftv55.atsp;24905;ms;1704;1;105;90;104;104;90;;;;;;;;;;;;;
ftv55.atsp;25255;ms;1704;1;107;93;105;106;92;;;;;;;;;;;;;
ftv55.atsp;24839;ms;1704;1;101;89;103;102;87;;;;;;;;;;;;;
ftv55.atsp;25033;ms;1704;1;105;92;106;106;91;;;;;;;;;;;;;
ftv55.atsp;24925;ms;1704;1;107;93;106;105;91;;;;;;;;;;;;;
ftv55.atsp;25118;ms;1704;1;106;93;107;106;91;;;;;;;;;;;;;
ftv55.atsp;24954;ms;1704;1;106;94;104;105;90;;;;;;;;;;;;;
ftv55.atsp;25031;ms;1704;1;105;93;105;106;90;;;;;;;;;;;;;
ftv55.atsp;24944;ms;1704;1;105;92;105;105;90;;;;;;;;;;;;;
ftv55.atsp;24979;ms;1629;1;106;93;106;106;92;;;;;;;;;;;;;
ftv55.atsp;25122;ms;1704;1;105;94;105;107;92;;;;;;;;;;;;;
ftv55.atsp;24994;ms;1704;1;106;94;106;104;92;;;;;;;;;;;;;
ftv55.atsp;25088;ms;1704;1;108;94;105;105;92;;;;;;;;;;;;;
ftv55.atsp;25023;ms;1704;1;106;93;104;105;93;;;;;;;;;;;;;
ftv55.atsp;24955;ms;1704;1;106;92;107;106;91;;;;;;;;;;;;;
ftv55.atsp;25114;ms;1704;1;106;93;105;107;91;;;;;;;;;;;;;
ftv55.atsp;25060;ms;1628;1;106;92;104;105;91;;;;;;;;;;;;;
ftv55.atsp;24977;ms;1704;1;106;91;103;103;91;;;;;;;;;;;;;
ftv55.atsp;25188;ms;1659;1;105;92;103;103;91;;;;;;;;;;;;;
ftv55.atsp;25021;ms;1704;1;106;91;104;104;91;;;;;;;;;;;;;
ftv55.atsp;24973;ms;1704;1;107;93;106;106;92;;;;;;;;;;;;;
ftv55.atsp;24905;ms;1629;1;105;92;105;103;89;;;;;;;;;;;;;
ftv55.atsp;24998;ms;1638;1;104;93;104;105;91;;;;;;;;;;;;;
ftv55.atsp;25067;ms;1704;1;106;93;107;105;91;;;;;;;;;;;;;
ftv55.atsp;24851;ms;1704;1;106;92;104;105;90;;;;;;;;;;;;;
ftv55.atsp;24978;ms;1704;1;104;93;105;106;91;;;;;;;;;;;;;
ftv55.atsp;24956;ms;1704;1;106;92;103;105;91;;;;;;;;;;;;;
ftv55.atsp;25027;ms;1704;1;105;93;102;105;92;;;;;;;;;;;;;
ftv55.atsp;26159;ms;1665;1;100;88;101;99;87;;;;;;;;;;;;;
ftv55.atsp;25027;ms;1698;1;106;94;105;107;92;;;;;;;;;;;;;
ftv55.atsp;25008;ms;1635;1;108;94;107;106;92;;;;;;;;;;;;;
ftv55.atsp;24925;ms;1691;1;106;93;105;105;91;;;;;;;;;;;;;
ftv55.atsp;24965;ms;1635;1;106;94;107;106;92;;;;;;;;;;;;;
ftv55.atsp;24882;ms;1691;1;103;92;105;104;89;;;;;;;;;;;;;
ftv55.atsp;24951;ms;1647;1;108;95;106;107;92;;;;;;;;;;;;;
ftv55.atsp;25075;ms;1704;1;108;94;103;107;92;;;;;;;;;;;;;
ftv55.atsp;24872;ms;1647;1;107;94;106;107;92;;;;;;;;;;;;;
ftv55.atsp;25100;ms;1704;1;106;94;105;105;92;;;;;;;;;;;;;
ftv55.atsp;24961;ms;1704;1;106;92;104;105;91;;;;;;;;;;;;;
ftv55.atsp;24990;ms;1628;1;107;94;106;106;92;;;;;;;;;;;;;
ftv55.atsp;25060;ms;1679;1;103;92;103;105;91;;;;;;;;;;;;;
ftv55.atsp;24832;ms;1704;1;107;93;106;106;92;;;;;;;;;;;;;
ftv55.atsp;24883;ms;1704;1;105;92;104;103;90;;;;;;;;;;;;;
ftv55.atsp;24958;ms;1679;1;107;94;107;106;93;;;;;;;;;;;;;
ftv55.atsp;25051;ms;1704;1;106;93;105;106;89;;;;;;;;;;;;;
ftv55.atsp;24894;ms;1647;1;106;95;107;107;92;;;;;;;;;;;;;
ftv55.atsp;25040;ms;1638;1;107;93;106;107;91;;;;;;;;;;;;;
ftv55.atsp;25090;ms;1628;1;105;92;105;104;92;;;;;;;;;;;;;
ftv55.atsp;25045;ms;1704;1;107;94;106;105;92;;;;;;;;;;;;;
ftv55.atsp;24963;ms;1704;1;107;95;106;106;92;;;;;;;;;;;;;
ftv55.atsp;24929;ms;1629;1;106;93;105;107;91;;;;;;;;;;;;;
ftv55.atsp;24908;ms;1659;1;107;95;106;108;92;;;;;;;;;;;;;
ftv55.atsp;24897;ms;1704;1;108;94;105;105;92;;;;;;;;;;;;;
ftv55.atsp;24853;ms;1704;1;104;93;104;106;91;;;;;;;;;;;;;
ftv55.atsp;24976;ms;1629;1;108;94;107;105;91;;;;;;;;;;;;;
ftv55.atsp;25083;ms;1704;1;107;95;107;107;92;;;;;;;;;;;;;
ftv55.atsp;25007;ms;1704;1;108;94;105;107;92;;;;;;;;;;;;;
ftv55.atsp;25077;ms;1704;1;109;95;107;107;93;;;;;;;;;;;;;
ftv55.atsp;24973;ms;1704;1;107;93;106;105;93;;;;;;;;;;;;;
ftv55.atsp;25281;ms;1659;1;105;93;104;105;91;;;;;;;;;;;;;
ftv55.atsp;25079;ms;1704;1;103;91;104;104;91;;;;;;;;;;;;;
ftv55.atsp;25088;ms;1704;1;107;93;105;107;94;;;;;;;;;;;;;
ftv55.atsp;24914;ms;1704;1;106;93;105;107;91;;;;;;;;;;;;;
ftv55.atsp;24956;ms;1629;1;107;93;104;106;91;;;;;;;;;;;;;
ftv55.atsp;24918;ms;1704;1;105;92;104;104;90;;;;;;;;;;;;;
ftv55.atsp;24867;ms;1704;1;107;93;106;106;92;;;;;;;;;;;;;
ftv55.atsp;25021;ms;1647;1;107;94;106;108;92;;;;;;;;;;;;;
ftv55.atsp;24986;ms;1704;1;108;94;107;107;94;;;;;;;;;;;;;
ftv55.atsp;24894;ms;1661;1;100;88;99;99;87;;;;;;;;;;;;;
ftv55.atsp;26517;ms;1704;1;105;90;104;102;90;;;;;;;;;;;;;
ftv55.atsp;25003;ms;1704;1;108;94;108;108;93;;;;;;;;;;;;;
ftv55.atsp;24814;ms;1704;1;107;94;107;108;92;;;;;;;;;;;;;
ftv55.atsp;24945;ms;1629;1;107;94;106;106;91;;;;;;;;;;;;;
ftv55.atsp;24688;ms;1628;1;97;86;96;97;84;;;;;;;;;;;;;
ftv55.atsp;25132;ms;1647;1;108;93;107;107;93;;;;;;;;;;;;;
ftv55.atsp;24946;ms;1704;1;108;94;107;107;91;;;;;;;;;;;;;
ftv55.atsp;24948;ms;1704;1;108;95;107;107;91;;;;;;;;;;;;;
ftv55.atsp;24875;ms;1704;1;108;93;106;105;93;;;;;;;;;;;;;
ftv55.atsp;24962;ms;1704;1;106;92;106;106;92;;;;;;;;;;;;;
ftv55.atsp;24935;ms;1704;1;106;93;106;104;91;;;;;;;;;;;;;
ftv55.atsp;25071;ms;1628;1;106;93;104;106;92;;;;;;;;;;;;;
ftv55.atsp;24996;ms;1628;1;107;94;107;107;92;;;;;;;;;;;;;
ftv55.atsp;24949;ms;1704;1;106;93;106;102;92;;;;;;;;;;;;;
ftv55.atsp;24867;ms;1629;1;108;94;104;108;92;;;;;;;;;;;;;
ftv55.atsp;24819;ms;1704;1;108;95;106;106;91;;;;;;;;;;;;;
ftv55.atsp;24867;ms;1704;1;108;94;107;107;92;;;;;;;;;;;;;
ftv55.atsp;25001;ms;1704;1;108;91;106;107;92;;;;;;;;;;;;;
ftv55.atsp;24786;ms;1704;1;109;94;107;109;93;;;;;;;;;;;;;
ftv55.atsp;24808;ms;1699;1;106;93;104;106;92;;;;;;;;;;;;;
ftv55.atsp;24907;ms;1704;1;107;93;105;106;92;;;;;;;;;;;;;
ftv55.atsp;24945;ms;1704;1;108;92;106;106;91;;;;;;;;;;;;;
ftv55.atsp;24985;ms;1704;1;107;94;106;107;92;;;;;;;;;;;;;
ftv55.atsp;25079;ms;1647;1;108;93;106;107;92;;;;;;;;;;;;;
ftv55.atsp;24926;ms;1704;1;106;93;105;105;91;;;;;;;;;;;;;
ftv55.atsp;24823;ms;1704;1;104;90;104;103;90;;;;;;;;;;;;;
ftv55.atsp;24892;ms;1699;1;105;92;104;105;90;;;;;;;;;;;;;
ftv55.atsp;25015;ms;1704;1;107;94;106;105;91;;;;;;;;;;;;;
ftv55.atsp;25050;ms;1644;1;105;92;105;105;89;;;;;;;;;;;;;
ftv55.atsp;25008;ms;1661;1;106;93;103;104;92;;;;;;;;;;;;;
ftv55.atsp;25063;ms;1704;1;106;92;104;105;91;;;;;;;;;;;;;
ftv55.atsp;24882;ms;1704;1;105;93;105;104;90;;;;;;;;;;;;;
ftv55.atsp;25034;ms;1661;1;106;96;105;105;92;;;;;;;;;;;;;
ftv55.atsp;25116;ms;1629;1;108;94;106;106;93;;;;;;;;;;;;;
ftv55.atsp;25220;ms;1704;1;107;94;107;105;93;;;;;;;;;;;;;
ftv55.atsp;25030;ms;1628;1;105;92;105;104;92;;;;;;;;;;;;;
ftv55.atsp;24966;ms;1704;1;105;92;104;104;91;;;;;;;;;;;;;
ftv55.atsp;24818;ms;1644;1;107;94;105;106;91;ftv55.atsp;31.06880579;1704;1682.733333;1608;99.94266667;;;;;;;
ftv47.atsp;20627;ms;1842;1;140;119;139;141;117;;;;;;;;;;;;;
ftv47.atsp;20617;ms;1842;1;140;119;141;140;117;;;;;;;;;;;;;
ftv47.atsp;20568;ms;1815;1;140;118;140;141;118;;;;;;;;;;;;;
ftv47.atsp;20666;ms;1840;1;141;120;141;142;118;;;;;;;;;;;;;
ftv47.atsp;20687;ms;1827;1;139;118;140;138;117;;;;;;;;;;;;;
ftv47.atsp;20683;ms;1840;1;140;119;139;139;118;;;;;;;;;;;;;
ftv47.atsp;20617;ms;1842;1;140;119;140;141;116;;;;;;;;;;;;;
ftv47.atsp;20578;ms;1842;1;140;118;137;139;117;;;;;;;;;;;;;
ftv47.atsp;20619;ms;1842;1;141;119;138;142;118;;;;;;;;;;;;;
ftv47.atsp;20671;ms;1777;1;138;119;136;138;116;;;;;;;;;;;;;
ftv47.atsp;20598;ms;1840;1;139;119;138;139;117;;;;;;;;;;;;;
ftv47.atsp;20597;ms;1838;1;140;120;137;139;115;;;;;;;;;;;;;
ftv47.atsp;20642;ms;1833;1;140;119;139;141;116;;;;;;;;;;;;;
ftv47.atsp;20616;ms;1848;1;140;119;140;140;116;;;;;;;;;;;;;
ftv47.atsp;20651;ms;1840;1;141;118;140;141;117;;;;;;;;;;;;;
ftv47.atsp;20542;ms;1820;1;138;117;139;138;115;;;;;;;;;;;;;
ftv47.atsp;20597;ms;1863;1;140;118;138;140;117;;;;;;;;;;;;;
ftv47.atsp;20587;ms;1777;1;139;119;138;139;117;;;;;;;;;;;;;
ftv47.atsp;20622;ms;1845;1;140;119;140;139;118;;;;;;;;;;;;;
ftv47.atsp;20578;ms;1820;1;141;118;139;140;116;;;;;;;;;;;;;
ftv47.atsp;20682;ms;1842;1;141;118;138;141;117;;;;;;;;;;;;;
ftv47.atsp;20657;ms;1832;1;140;119;141;139;118;;;;;;;;;;;;;
ftv47.atsp;20488;ms;1790;1;140;119;141;140;116;;;;;;;;;;;;;
ftv47.atsp;20592;ms;1842;1;138;117;138;137;115;;;;;;;;;;;;;
ftv47.atsp;20559;ms;1842;1;141;120;139;142;117;;;;;;;;;;;;;
ftv47.atsp;20653;ms;1842;1;142;119;140;139;119;;;;;;;;;;;;;
ftv47.atsp;20629;ms;1820;1;141;120;140;140;117;;;;;;;;;;;;;
ftv47.atsp;20613;ms;1833;1;141;120;140;139;118;;;;;;;;;;;;;
ftv47.atsp;20586;ms;1845;1;139;119;140;139;117;;;;;;;;;;;;;
ftv47.atsp;20723;ms;1801;1;139;117;138;139;117;;;;;;;;;;;;;
ftv47.atsp;20623;ms;1833;1;142;121;140;142;119;;;;;;;;;;;;;
ftv47.atsp;20610;ms;1842;1;140;120;140;140;118;;;;;;;;;;;;;
ftv47.atsp;20577;ms;1842;1;140;119;140;140;118;;;;;;;;;;;;;
ftv47.atsp;20588;ms;1790;1;141;118;141;141;117;;;;;;;;;;;;;
ftv47.atsp;20520;ms;1842;1;135;114;134;136;112;;;;;;;;;;;;;
ftv47.atsp;20681;ms;1842;1;137;116;137;140;115;;;;;;;;;;;;;
ftv47.atsp;20585;ms;1842;1;141;120;141;141;118;;;;;;;;;;;;;
ftv47.atsp;20630;ms;1842;1;139;119;139;139;116;;;;;;;;;;;;;
ftv47.atsp;20641;ms;1787;1;141;120;140;141;118;;;;;;;;;;;;;
ftv47.atsp;20693;ms;1842;1;141;119;140;140;117;;;;;;;;;;;;;
ftv47.atsp;20598;ms;1776;1;140;118;139;139;118;;;;;;;;;;;;;
ftv47.atsp;20552;ms;1850;1;142;119;139;140;119;;;;;;;;;;;;;
ftv47.atsp;20612;ms;1790;1;141;118;142;140;117;;;;;;;;;;;;;
ftv47.atsp;20596;ms;1790;1;142;121;142;142;119;;;;;;;;;;;;;
ftv47.atsp;20484;ms;1842;1;136;116;134;134;113;;;;;;;;;;;;;
ftv47.atsp;20652;ms;1863;1;139;117;138;138;116;;;;;;;;;;;;;
ftv47.atsp;20751;ms;1777;1;142;119;141;141;117;;;;;;;;;;;;;
ftv47.atsp;20656;ms;1833;1;141;120;141;139;117;;;;;;;;;;;;;
ftv47.atsp;20632;ms;1842;1;134;114;133;133;112;;;;;;;;;;;;;
ftv47.atsp;20610;ms;1842;1;137;117;139;138;116;;;;;;;;;;;;;
ftv47.atsp;20657;ms;1842;1;140;120;140;140;117;;;;;;;;;;;;;
ftv47.atsp;20625;ms;1838;1;141;120;141;140;118;;;;;;;;;;;;;
ftv47.atsp;20588;ms;1833;1;140;119;141;140;117;;;;;;;;;;;;;
ftv47.atsp;20572;ms;1838;1;141;120;140;141;118;;;;;;;;;;;;;
ftv47.atsp;20466;ms;1806;1;138;117;137;138;115;;;;;;;;;;;;;
ftv47.atsp;20589;ms;1790;1;141;120;137;140;116;;;;;;;;;;;;;
ftv47.atsp;20716;ms;1831;1;140;118;140;139;117;;;;;;;;;;;;;
ftv47.atsp;20659;ms;1842;1;141;121;139;142;118;;;;;;;;;;;;;
ftv47.atsp;20492;ms;1842;1;139;119;140;140;117;;;;;;;;;;;;;
ftv47.atsp;20512;ms;1842;1;142;118;141;140;118;;;;;;;;;;;;;
ftv47.atsp;20575;ms;1803;1;142;120;139;141;117;;;;;;;;;;;;;
ftv47.atsp;20539;ms;1838;1;142;122;141;143;118;;;;;;;;;;;;;
ftv47.atsp;20468;ms;1842;1;142;119;141;139;118;;;;;;;;;;;;;
ftv47.atsp;20581;ms;1777;1;142;119;141;141;118;;;;;;;;;;;;;
ftv47.atsp;20635;ms;1842;1;142;120;140;141;118;;;;;;;;;;;;;
ftv47.atsp;20608;ms;1777;1;138;119;141;140;118;;;;;;;;;;;;;
ftv47.atsp;20508;ms;1845;1;139;119;140;140;117;;;;;;;;;;;;;
ftv47.atsp;20728;ms;1842;1;139;119;142;139;118;;;;;;;;;;;;;
ftv47.atsp;20670;ms;1842;1;142;119;142;140;120;;;;;;;;;;;;;
ftv47.atsp;20544;ms;1845;1;140;119;139;139;117;;;;;;;;;;;;;
ftv47.atsp;20612;ms;1789;1;141;119;143;141;118;;;;;;;;;;;;;
ftv47.atsp;20583;ms;1827;1;143;119;140;140;119;;;;;;;;;;;;;
ftv47.atsp;20504;ms;1842;1;141;119;138;140;116;;;;;;;;;;;;;
ftv47.atsp;20667;ms;1845;1;142;120;140;140;118;;;;;;;;;;;;;
ftv47.atsp;20512;ms;1790;1;141;120;140;143;117;;;;;;;;;;;;;
ftv47.atsp;20537;ms;1833;1;142;118;141;139;117;;;;;;;;;;;;;
ftv47.atsp;20484;ms;1886;1;144;121;140;140;116;;;;;;;;;;;;;
ftv47.atsp;20568;ms;1842;1;141;120;140;141;120;;;;;;;;;;;;;
ftv47.atsp;20611;ms;1795;1;140;119;140;140;117;;;;;;;;;;;;;
ftv47.atsp;20622;ms;1840;1;142;119;142;141;117;;;;;;;;;;;;;
ftv47.atsp;20676;ms;1842;1;143;122;140;140;118;;;;;;;;;;;;;
ftv47.atsp;20570;ms;1820;1;141;119;142;141;118;;;;;;;;;;;;;
ftv47.atsp;20568;ms;1845;1;141;119;141;141;117;;;;;;;;;;;;;
ftv47.atsp;20558;ms;1840;1;142;120;141;140;118;;;;;;;;;;;;;
ftv47.atsp;20537;ms;1777;1;143;120;139;141;118;;;;;;;;;;;;;
ftv47.atsp;20534;ms;1842;1;143;121;142;140;119;;;;;;;;;;;;;
ftv47.atsp;20511;ms;1842;1;142;119;142;141;118;;;;;;;;;;;;;
ftv47.atsp;20660;ms;1842;1;141;120;142;141;119;;;;;;;;;;;;;
ftv47.atsp;20524;ms;1790;1;141;120;140;139;118;;;;;;;;;;;;;
ftv47.atsp;20617;ms;1842;1;143;121;141;141;117;;;;;;;;;;;;;
ftv47.atsp;20636;ms;1842;1;141;119;141;142;120;;;;;;;;;;;;;
ftv47.atsp;20554;ms;1842;1;139;119;139;140;116;;;;;;;;;;;;;
ftv47.atsp;20609;ms;1856;1;142;118;139;140;117;;;;;;;;;;;;;
ftv47.atsp;20669;ms;1833;1;141;119;141;140;117;;;;;;;;;;;;;
ftv47.atsp;20585;ms;1842;1;142;120;140;139;120;;;;;;;;;;;;;
ftv47.atsp;20607;ms;1777;1;140;118;142;143;117;;;;;;;;;;;;;
ftv47.atsp;20694;ms;1833;1;140;118;138;138;117;;;;;;;;;;;;;
ftv47.atsp;20559;ms;1842;1;139;118;140;141;117;;;;;;;;;;;;;
ftv47.atsp;20651;ms;1832;1;140;119;139;139;118;;;;;;;;;;;;;
ftv47.atsp;20682;ms;1790;1;142;120;141;141;118;;;;;;;;;;;;;
ftv47.atsp;20547;ms;1815;1;143;120;140;141;118;;;;;;;;;;;;;
ftv47.atsp;20629;ms;1842;1;141;120;140;141;118;;;;;;;;;;;;;
ftv47.atsp;20692;ms;1833;1;137;117;137;138;116;;;;;;;;;;;;;
ftv47.atsp;20672;ms;1842;1;138;117;138;138;116;;;;;;;;;;;;;
ftv47.atsp;20664;ms;1842;1;141;120;139;139;116;;;;;;;;;;;;;
ftv47.atsp;20647;ms;1820;1;135;113;134;135;113;;;;;;;;;;;;;
ftv47.atsp;21049;ms;1845;1;129;110;130;129;110;;;;;;;;;;;;;
ftv47.atsp;20655;ms;1845;1;140;119;139;141;119;;;;;;;;;;;;;
ftv47.atsp;20686;ms;1842;1;142;119;142;142;118;;;;;;;;;;;;;
ftv47.atsp;20515;ms;1832;1;142;119;140;142;117;;;;;;;;;;;;;
ftv47.atsp;20562;ms;1814;1;142;120;141;141;118;;;;;;;;;;;;;
ftv47.atsp;20522;ms;1838;1;141;119;141;142;117;;;;;;;;;;;;;
ftv47.atsp;20616;ms;1777;1;139;121;140;142;117;;;;;;;;;;;;;
ftv47.atsp;20598;ms;1842;1;141;120;141;142;119;;;;;;;;;;;;;
ftv47.atsp;20517;ms;1840;1;143;121;142;142;118;;;;;;;;;;;;;
ftv47.atsp;20623;ms;1842;1;143;120;141;145;120;;;;;;;;;;;;;
ftv47.atsp;20516;ms;1842;1;144;120;143;142;119;;;;;;;;;;;;;
ftv47.atsp;20588;ms;1842;1;143;121;142;142;121;;;;;;;;;;;;;
ftv47.atsp;20514;ms;1820;1;143;120;142;143;120;;;;;;;;;;;;;
ftv47.atsp;20636;ms;1842;1;142;121;141;142;120;;;;;;;;;;;;;
ftv47.atsp;20673;ms;1777;1;142;122;141;141;119;;;;;;;;;;;;;
ftv47.atsp;20576;ms;1777;1;142;121;142;143;117;;;;;;;;;;;;;
ftv47.atsp;20511;ms;1820;1;142;119;142;141;118;;;;;;;;;;;;;
ftv47.atsp;20527;ms;1842;1;144;120;141;141;119;;;;;;;;;;;;;
ftv47.atsp;20510;ms;1842;1;142;122;142;142;120;;;;;;;;;;;;;
ftv47.atsp;20538;ms;1842;1;141;122;142;143;119;;;;;;;;;;;;;
ftv47.atsp;20539;ms;1842;1;142;122;139;142;118;;;;;;;;;;;;;
ftv47.atsp;20557;ms;1842;1;142;121;142;142;120;;;;;;;;;;;;;
ftv47.atsp;20548;ms;1842;1;121;103;119;119;100;;;;;;;;;;;;;
ftv47.atsp;21189;ms;1788;1;142;121;143;140;118;;;;;;;;;;;;;
ftv47.atsp;20493;ms;1842;1;143;121;142;143;119;;;;;;;;;;;;;
ftv47.atsp;20489;ms;1863;1;142;122;140;142;119;;;;;;;;;;;;;
ftv47.atsp;20517;ms;1842;1;143;119;142;144;120;;;;;;;;;;;;;
ftv47.atsp;20508;ms;1827;1;144;121;142;140;117;;;;;;;;;;;;;
ftv47.atsp;20547;ms;1842;1;128;107;125;127;107;;;;;;;;;;;;;
ftv47.atsp;20472;ms;1790;1;144;121;141;143;118;;;;;;;;;;;;;
ftv47.atsp;20527;ms;1833;1;142;120;142;142;119;;;;;;;;;;;;;
ftv47.atsp;20539;ms;1820;1;142;121;142;141;118;;;;;;;;;;;;;
ftv47.atsp;20461;ms;1842;1;143;122;143;141;119;;;;;;;;;;;;;
ftv47.atsp;20476;ms;1842;1;141;120;141;143;118;;;;;;;;;;;;;
ftv47.atsp;20540;ms;1888;1;142;122;142;142;118;;;;;;;;;;;;;
ftv47.atsp;20522;ms;1842;1;145;121;142;142;119;;;;;;;;;;;;;
ftv47.atsp;20563;ms;1845;1;141;121;140;143;118;;;;;;;;;;;;;
ftv47.atsp;20518;ms;1863;1;143;122;140;141;119;;;;;;;;;;;;;
ftv47.atsp;20584;ms;1806;1;142;121;142;142;119;;;;;;;;;;;;;
ftv47.atsp;20525;ms;1840;1;143;121;142;143;118;;;;;;;;;;;;;
ftv47.atsp;20475;ms;1821;1;140;121;141;142;120;;;;;;;;;;;;;
ftv47.atsp;20561;ms;1842;1;140;118;140;140;116;;;;;;;;;;;;;
ftv47.atsp;20551;ms;1840;1;140;118;141;140;118;;;;;;;;;;;;;
ftv47.atsp;20563;ms;1840;1;143;120;141;143;119;ftv47.atsp;23.25871322;1888;1829.926667;1776;131.3773333;;;;;;;
ftv64.atsp;33143;ms;1889;1;82;74;81;81;73;;;;;;;;;;;;;
ftv64.atsp;33295;ms;1878;1;82;75;82;81;73;;;;;;;;;;;;;
ftv64.atsp;33103;ms;1909;1;82;74;82;81;72;;;;;;;;;;;;;
ftv64.atsp;33398;ms;1879;1;83;74;81;82;74;;;;;;;;;;;;;
ftv64.atsp;33089;ms;1894;1;83;74;81;81;72;;;;;;;;;;;;;
ftv64.atsp;33381;ms;1921;1;81;76;81;82;74;;;;;;;;;;;;;
ftv64.atsp;33447;ms;1839;1;82;75;81;81;73;;;;;;;;;;;;;
ftv64.atsp;33282;ms;1936;1;82;73;81;80;72;;;;;;;;;;;;;
ftv64.atsp;33244;ms;1850;1;82;74;80;80;72;;;;;;;;;;;;;
ftv64.atsp;33190;ms;1860;1;81;73;81;81;72;;;;;;;;;;;;;
ftv64.atsp;33379;ms;1860;1;80;72;79;79;70;;;;;;;;;;;;;
ftv64.atsp;33257;ms;1872;1;82;74;81;81;72;;;;;;;;;;;;;
ftv64.atsp;33387;ms;1878;1;80;73;80;80;71;;;;;;;;;;;;;
ftv64.atsp;33324;ms;1927;1;81;73;81;81;72;;;;;;;;;;;;;
ftv64.atsp;33197;ms;1954;1;80;72;80;80;71;;;;;;;;;;;;;
ftv64.atsp;33369;ms;1873;1;81;73;80;81;72;;;;;;;;;;;;;
ftv64.atsp;33302;ms;1859;1;81;73;81;81;72;;;;;;;;;;;;;
ftv64.atsp;33268;ms;1859;1;81;74;81;81;72;;;;;;;;;;;;;
ftv64.atsp;33256;ms;1877;1;81;72;80;81;71;;;;;;;;;;;;;
ftv64.atsp;33380;ms;1931;1;81;73;79;81;71;;;;;;;;;;;;;
ftv64.atsp;33324;ms;1875;1;81;73;80;81;72;;;;;;;;;;;;;
ftv64.atsp;33393;ms;1909;1;64;57;65;64;56;;;;;;;;;;;;;
ftv64.atsp;33288;ms;1954;1;79;72;79;80;70;;;;;;;;;;;;;
ftv64.atsp;33264;ms;1875;1;82;73;81;81;71;;;;;;;;;;;;;
ftv64.atsp;33284;ms;1872;1;81;73;81;81;72;;;;;;;;;;;;;
ftv64.atsp;33325;ms;1954;1;82;73;82;81;72;;;;;;;;;;;;;
ftv64.atsp;33176;ms;1894;1;82;72;81;80;71;;;;;;;;;;;;;
ftv64.atsp;33340;ms;1858;1;81;73;80;80;71;;;;;;;;;;;;;
ftv64.atsp;33443;ms;1877;1;81;74;81;80;72;;;;;;;;;;;;;
ftv64.atsp;33186;ms;1872;1;81;73;81;80;72;;;;;;;;;;;;;
ftv64.atsp;33204;ms;1911;1;81;74;80;81;72;;;;;;;;;;;;;
ftv64.atsp;33437;ms;1898;1;81;74;80;81;72;;;;;;;;;;;;;
ftv64.atsp;33318;ms;1900;1;81;72;80;81;71;;;;;;;;;;;;;
ftv64.atsp;33626;ms;1954;1;81;72;78;80;72;;;;;;;;;;;;;
ftv64.atsp;33424;ms;1891;1;80;70;79;79;70;;;;;;;;;;;;;
ftv64.atsp;33448;ms;1954;1;80;73;81;81;72;;;;;;;;;;;;;
ftv64.atsp;33313;ms;1879;1;81;73;79;80;71;;;;;;;;;;;;;
ftv64.atsp;33311;ms;1899;1;80;72;81;80;71;;;;;;;;;;;;;
ftv64.atsp;33567;ms;1854;1;81;73;80;80;71;;;;;;;;;;;;;
ftv64.atsp;33399;ms;1879;1;80;73;80;79;71;;;;;;;;;;;;;
ftv64.atsp;33376;ms;1879;1;77;69;77;76;69;;;;;;;;;;;;;
ftv64.atsp;33294;ms;1887;1;78;70;76;76;68;;;;;;;;;;;;;
ftv64.atsp;33484;ms;1857;1;82;74;81;80;73;;;;;;;;;;;;;
ftv64.atsp;33215;ms;1875;1;81;74;80;81;72;;;;;;;;;;;;;
ftv64.atsp;33207;ms;1870;1;81;72;80;81;72;;;;;;;;;;;;;
ftv64.atsp;33959;ms;1891;1;80;73;81;80;72;;;;;;;;;;;;;
ftv64.atsp;33296;ms;1891;1;81;73;81;80;71;;;;;;;;;;;;;
ftv64.atsp;33380;ms;1891;1;80;71;80;80;71;;;;;;;;;;;;;
ftv64.atsp;33593;ms;1842;1;73;66;71;72;65;;;;;;;;;;;;;
ftv64.atsp;33600;ms;1891;1;81;71;78;80;70;;;;;;;;;;;;;
ftv64.atsp;33337;ms;1897;1;80;73;81;81;71;;;;;;;;;;;;;
ftv64.atsp;33298;ms;1882;1;80;72;80;81;71;;;;;;;;;;;;;
ftv64.atsp;33245;ms;1926;1;80;73;79;78;71;;;;;;;;;;;;;
ftv64.atsp;33418;ms;1894;1;81;74;80;81;73;;;;;;;;;;;;;
ftv64.atsp;33348;ms;1909;1;81;72;80;81;72;;;;;;;;;;;;;
ftv64.atsp;33376;ms;1839;1;82;73;82;80;72;;;;;;;;;;;;;
ftv64.atsp;33462;ms;1872;1;82;74;81;81;73;;;;;;;;;;;;;
ftv64.atsp;33251;ms;1865;1;81;73;81;80;71;;;;;;;;;;;;;
ftv64.atsp;33236;ms;1857;1;80;72;81;80;72;;;;;;;;;;;;;
ftv64.atsp;33310;ms;1872;1;80;71;80;80;71;;;;;;;;;;;;;
ftv64.atsp;33336;ms;1879;1;82;72;80;80;72;;;;;;;;;;;;;
ftv64.atsp;33338;ms;1933;1;82;74;80;79;73;;;;;;;;;;;;;
ftv64.atsp;33481;ms;1891;1;82;74;81;81;72;;;;;;;;;;;;;
ftv64.atsp;33312;ms;1907;1;82;73;80;80;73;;;;;;;;;;;;;
ftv64.atsp;33475;ms;1879;1;81;73;81;80;72;;;;;;;;;;;;;
ftv64.atsp;33357;ms;1911;1;81;72;80;80;71;;;;;;;;;;;;;
ftv64.atsp;33427;ms;1937;1;82;73;81;82;72;;;;;;;;;;;;;
ftv64.atsp;33352;ms;1936;1;82;74;80;81;72;;;;;;;;;;;;;
ftv64.atsp;33259;ms;1860;1;80;74;81;80;71;;;;;;;;;;;;;
ftv64.atsp;33218;ms;1921;1;81;72;80;81;72;;;;;;;;;;;;;
ftv64.atsp;33185;ms;1894;1;81;73;80;79;71;;;;;;;;;;;;;
ftv64.atsp;33446;ms;1954;1;80;73;81;81;71;;;;;;;;;;;;;
ftv64.atsp;33289;ms;1891;1;81;73;80;80;72;;;;;;;;;;;;;
ftv64.atsp;33222;ms;1894;1;80;73;81;80;71;;;;;;;;;;;;;
ftv64.atsp;33348;ms;1875;1;81;72;79;80;72;;;;;;;;;;;;;
ftv64.atsp;33250;ms;1865;1;81;72;81;81;71;;;;;;;;;;;;;
ftv64.atsp;33384;ms;1862;1;81;74;80;81;72;;;;;;;;;;;;;
ftv64.atsp;33239;ms;1865;1;82;73;81;81;71;;;;;;;;;;;;;
ftv64.atsp;33137;ms;1897;1;71;63;71;71;63;;;;;;;;;;;;;
ftv64.atsp;33199;ms;1842;1;81;74;81;80;72;;;;;;;;;;;;;
ftv64.atsp;33000;ms;1857;1;80;73;81;82;72;;;;;;;;;;;;;
ftv64.atsp;33515;ms;1891;1;80;73;79;80;72;;;;;;;;;;;;;
ftv64.atsp;33284;ms;1954;1;80;72;81;80;71;;;;;;;;;;;;;
ftv64.atsp;33312;ms;1859;1;81;72;80;81;70;;;;;;;;;;;;;
ftv64.atsp;33217;ms;1851;1;81;73;80;80;71;;;;;;;;;;;;;
ftv64.atsp;33476;ms;1880;1;81;72;80;80;71;;;;;;;;;;;;;
ftv64.atsp;33546;ms;1881;1;80;73;79;79;71;;;;;;;;;;;;;
ftv64.atsp;33495;ms;1893;1;81;72;81;80;71;;;;;;;;;;;;;
ftv64.atsp;33337;ms;1920;1;80;73;81;80;71;;;;;;;;;;;;;
ftv64.atsp;33249;ms;1954;1;81;74;80;81;72;;;;;;;;;;;;;
ftv64.atsp;33233;ms;1859;1;81;74;81;80;72;;;;;;;;;;;;;
ftv64.atsp;33401;ms;1872;1;81;73;80;81;70;;;;;;;;;;;;;
ftv64.atsp;33516;ms;1954;1;74;66;73;73;64;;;;;;;;;;;;;
ftv64.atsp;33749;ms;1860;1;72;65;71;71;65;;;;;;;;;;;;;
ftv64.atsp;33914;ms;1894;1;65;59;65;65;58;;;;;;;;;;;;;
ftv64.atsp;34068;ms;1912;1;79;72;79;80;71;;;;;;;;;;;;;
ftv64.atsp;33361;ms;1884;1;81;73;80;81;71;;;;;;;;;;;;;
ftv64.atsp;33381;ms;1873;1;79;71;78;78;70;;;;;;;;;;;;;
ftv64.atsp;34624;ms;1954;1;81;73;80;81;72;;;;;;;;;;;;;
ftv64.atsp;33392;ms;1954;1;79;72;82;80;73;;;;;;;;;;;;;
ftv64.atsp;33406;ms;1954;1;82;72;81;80;72;;;;;;;;;;;;;
ftv64.atsp;33364;ms;1954;1;82;74;80;81;72;;;;;;;;;;;;;
ftv64.atsp;33230;ms;1872;1;79;71;80;81;71;;;;;;;;;;;;;
ftv64.atsp;33254;ms;1859;1;82;74;81;81;72;;;;;;;;;;;;;
ftv64.atsp;33202;ms;1951;1;81;71;80;80;71;;;;;;;;;;;;;
ftv64.atsp;33239;ms;1899;1;81;73;81;81;71;;;;;;;;;;;;;
ftv64.atsp;33187;ms;1894;1;82;73;80;80;72;;;;;;;;;;;;;
ftv64.atsp;33190;ms;1880;1;81;72;80;80;71;;;;;;;;;;;;;
ftv64.atsp;33155;ms;1859;1;81;73;80;80;71;;;;;;;;;;;;;
ftv64.atsp;33288;ms;1909;1;81;74;80;81;72;;;;;;;;;;;;;
ftv64.atsp;33223;ms;1929;1;81;73;81;80;71;;;;;;;;;;;;;
ftv64.atsp;33284;ms;1897;1;82;73;81;81;73;;;;;;;;;;;;;
ftv64.atsp;33398;ms;1897;1;81;73;81;80;72;;;;;;;;;;;;;
ftv64.atsp;33455;ms;1875;1;78;71;78;78;70;;;;;;;;;;;;;
ftv64.atsp;33258;ms;1879;1;80;72;79;79;71;;;;;;;;;;;;;
ftv64.atsp;33308;ms;1872;1;80;73;80;80;71;;;;;;;;;;;;;
ftv64.atsp;33195;ms;1858;1;80;72;81;80;71;;;;;;;;;;;;;
ftv64.atsp;33316;ms;1859;1;81;73;81;82;72;;;;;;;;;;;;;
ftv64.atsp;33285;ms;1860;1;81;73;80;81;71;;;;;;;;;;;;;
ftv64.atsp;33297;ms;1909;1;74;68;75;74;65;;;;;;;;;;;;;
ftv64.atsp;33237;ms;1891;1;79;71;80;80;71;;;;;;;;;;;;;
ftv64.atsp;33239;ms;1860;1;81;73;80;80;71;;;;;;;;;;;;;
ftv64.atsp;33225;ms;1875;1;81;74;81;80;73;;;;;;;;;;;;;
ftv64.atsp;33322;ms;1882;1;82;73;81;80;71;;;;;;;;;;;;;
ftv64.atsp;33318;ms;1932;1;81;72;80;80;70;;;;;;;;;;;;;
ftv64.atsp;33139;ms;1857;1;79;72;78;79;70;;;;;;;;;;;;;
ftv64.atsp;33265;ms;1860;1;81;73;81;80;71;;;;;;;;;;;;;
ftv64.atsp;33479;ms;1942;1;80;72;79;80;72;;;;;;;;;;;;;
ftv64.atsp;33436;ms;1857;1;80;73;80;81;71;;;;;;;;;;;;;
ftv64.atsp;33363;ms;1897;1;81;73;81;82;72;;;;;;;;;;;;;
ftv64.atsp;33307;ms;1894;1;81;72;80;80;71;;;;;;;;;;;;;
ftv64.atsp;33150;ms;1899;1;81;73;80;81;71;;;;;;;;;;;;;
ftv64.atsp;33159;ms;1857;1;81;73;81;80;71;;;;;;;;;;;;;
ftv64.atsp;33323;ms;1875;1;81;73;80;80;72;;;;;;;;;;;;;
ftv64.atsp;33215;ms;1872;1;81;72;80;79;71;;;;;;;;;;;;;
ftv64.atsp;33436;ms;1859;1;81;73;80;80;72;;;;;;;;;;;;;
ftv64.atsp;33333;ms;1876;1;81;74;81;81;72;;;;;;;;;;;;;
ftv64.atsp;33229;ms;1894;1;82;74;81;81;72;;;;;;;;;;;;;
ftv64.atsp;33290;ms;1859;1;80;72;79;79;71;;;;;;;;;;;;;
ftv64.atsp;33132;ms;1854;1;81;72;80;80;71;;;;;;;;;;;;;
ftv64.atsp;33074;ms;1914;1;80;73;79;80;72;;;;;;;;;;;;;
ftv64.atsp;33415;ms;1884;1;82;72;81;81;72;;;;;;;;;;;;;
ftv64.atsp;33216;ms;1890;1;78;70;78;77;70;;;;;;;;;;;;;
ftv64.atsp;33416;ms;1865;1;81;72;81;80;71;;;;;;;;;;;;;
ftv64.atsp;33141;ms;1909;1;79;73;80;79;71;;;;;;;;;;;;;
ftv64.atsp;33432;ms;1869;1;81;72;80;79;72;;;;;;;;;;;;;
ftv64.atsp;33377;ms;1857;1;81;73;81;79;72;;;;;;;;;;;;;
ftv64.atsp;33231;ms;1861;1;81;72;80;81;71;;;;;;;;;;;;;
ftv64.atsp;33535;ms;1860;1;81;74;80;81;73;;;;;;;;;;;;;
ftv64.atsp;33332;ms;1891;1;81;73;80;80;72;ftv64.atsp;30.30013622;1954;1889.32;1839;76.65866667;;;;;;;
