Instancja;Czas;Jednostka;Wynik;Iteracji;Populacja;RandomNodes;praw.Mutacja;krzy¿owanie;selekcja;mutacja;elitism;memetic;czas;;;;;;;;;;;;;;;;;;;
ftv44.atsp;10010;ms;2370;267;150;3;0.15;2;1;2;0;1;10;;;;;;;;;;;;;;;;;;;
ftv44.atsp;10031;ms;1822;268;150;3;0.15;2;1;2;0;1;10;;;;;ftv44.atsp;0;2242,05;1822;1613;39,00%;;;;ft53.atsp;0;10876,15;9872;6905;57,51%
ftv44.atsp;10017;ms;2025;268;150;3;0.15;2;1;2;0;1;10;;;;;ftv44.atsp;1;1706,9;1646;1613;5,82%;;;;ft53.atsp;1;7642,55;7251;6905;10,68%
ftv44.atsp;10022;ms;2348;267;150;3;0.15;2;1;2;0;1;10;;;;;ftv44.atsp;5;1661,95;1623;1613;3,03%;;;;ft53.atsp;5;7264,55;7047;6905;5,21%
ftv44.atsp;10014;ms;2018;264;150;3;0.15;2;1;2;0;1;10;;;;;ftv44.atsp;10;1664,45;1613;1613;3,19%;;;;ft53.atsp;10;7412,95;7057;6905;7,36%
ftv44.atsp;10025;ms;2572;267;150;3;0.15;2;1;2;0;1;10;;;;;ftv44.atsp;15;1690;1640;1613;4,77%;;;;ft53.atsp;15;7493;7108;6905;8,52%
ftv44.atsp;10019;ms;2137;269;150;3;0.15;2;1;2;0;1;10;;;;;ftv44.atsp;25;1676,95;1613;1613;3,96%;;;;ft53.atsp;25;7490,2;7250;6905;8,48%
ftv44.atsp;10021;ms;1935;269;150;3;0.15;2;1;2;0;1;10;;;;;ftv44.atsp;35;1675,75;1622;1613;3,89%;;;;ft53.atsp;35;7425,25;7124;6905;7,53%
ftv44.atsp;10017;ms;2331;270;150;3;0.15;2;1;2;0;1;10;;;;;ftv44.atsp;45;1666,25;1623;1613;3,30%;;;;ft53.atsp;45;7394;7090;6905;7,08%
ftv44.atsp;10029;ms;2705;259;150;3;0.15;2;1;2;0;1;10;;;;;;;;;;;;;;;;;;;
ftv44.atsp;10007;ms;2308;263;150;3;0.15;2;1;2;0;1;10;;;;;;;;;;;;;;;;;;;
ftv44.atsp;10011;ms;2239;271;150;3;0.15;2;1;2;0;1;10;;;;;;;;;;;;;;;;;;;
ftv44.atsp;10010;ms;2262;269;150;3;0.15;2;1;2;0;1;10;;;;;;;;;;;;;;;;;;;
ftv44.atsp;10004;ms;2005;268;150;3;0.15;2;1;2;0;1;10;;;;;;;;;;;;;;;;;;;
ftv44.atsp;10030;ms;2232;269;150;3;0.15;2;1;2;0;1;10;;;;;;;;;;;;;;;;;;;
ftv44.atsp;10007;ms;2759;271;150;3;0.15;2;1;2;0;1;10;;;;;;;;;;;;;;;;;;;
ftv44.atsp;10007;ms;2153;269;150;3;0.15;2;1;2;0;1;10;;;;;;;;;;;;;;;;;;;
ftv44.atsp;10003;ms;2494;268;150;3;0.15;2;1;2;0;1;10;;;;;ftv55.atsp;0;3078,8;2742;1608;91,47%;;;;ftv64.atsp;0;3535,65;2982;1839;92,26%
ftv44.atsp;10010;ms;2225;264;150;3;0.15;2;1;2;0;1;10;;;;;ftv55.atsp;1;1805,5;1628;1608;12,28%;;;;ftv64.atsp;1;2042,85;1894;1839;11,08%
ftv44.atsp;10003;ms;1901;270;150;3;0.15;2;1;2;0;1;10;2242,05;1822;;;ftv55.atsp;5;1695,4;1608;1608;5,44%;;;;ftv64.atsp;5;1952,35;1880;1839;6,16%
ftv44.atsp;10013;ms;1691;271;150;3;0.15;2;1;2;1;1;10;;;;;ftv55.atsp;10;1721,5;1653;1608;7,06%;;;;ftv64.atsp;10;1930,85;1850;1839;4,99%
ftv44.atsp;10031;ms;1653;266;150;3;0.15;2;1;2;1;1;10;;;;;ftv55.atsp;15;1716,3;1653;1608;6,74%;;;;ftv64.atsp;15;1927,1;1865;1839;4,79%
ftv44.atsp;10015;ms;1690;266;150;3;0.15;2;1;2;1;1;10;;;;;ftv55.atsp;25;1713,75;1608;1608;6,58%;;;;ftv64.atsp;25;1929,15;1880;1839;4,90%
ftv44.atsp;10002;ms;1730;268;150;3;0.15;2;1;2;1;1;10;;;;;ftv55.atsp;35;1707,55;1629;1608;6,19%;;;;ftv64.atsp;35;1910,45;1850;1839;3,89%
ftv44.atsp;10003;ms;1677;268;150;3;0.15;2;1;2;1;1;10;;;;;ftv55.atsp;45;1722,7;1653;1608;7,13%;;;;ftv64.atsp;45;1905,9;1858;1839;3,64%
ftv44.atsp;10030;ms;1784;270;150;3;0.15;2;1;2;1;1;10;;;;;;;;;;;;;;;;;;;
ftv44.atsp;10028;ms;1669;272;150;3;0.15;2;1;2;1;1;10;;;;;;;;;;;;;;;;;;;
ftv44.atsp;10027;ms;1777;267;150;3;0.15;2;1;2;1;1;10;;;;;;;;;;;;;;;;;;;
ftv44.atsp;10022;ms;1715;269;150;3;0.15;2;1;2;1;1;10;;;;;;;;;;;;;;;;;;;
ftv44.atsp;10005;ms;1710;269;150;3;0.15;2;1;2;1;1;10;;;;;;;;;;;;;;;;;;;
ftv44.atsp;10001;ms;1756;271;150;3;0.15;2;1;2;1;1;10;;;;;;;;;;;;;;;;;;;
ftv44.atsp;10017;ms;1646;270;150;3;0.15;2;1;2;1;1;10;;;;;;;;;;;;;;;;;;;
ftv44.atsp;10007;ms;1730;271;150;3;0.15;2;1;2;1;1;10;;;;;;;;;;;;;;;;;;;
ftv44.atsp;10001;ms;1721;267;150;3;0.15;2;1;2;1;1;10;;;;;ftv47.atsp;0;2797;2077;1776;57,49%;;;;;;;;;
ftv44.atsp;10022;ms;1769;267;150;3;0.15;2;1;2;1;1;10;;;;;ftv47.atsp;1;1960,05;1887;1776;10,36%;;;;;;;;;
ftv44.atsp;10012;ms;1681;268;150;3;0.15;2;1;2;1;1;10;;;;;ftv47.atsp;5;1874,45;1820;1776;5,54%;;;;;;;;;
ftv44.atsp;10015;ms;1729;269;150;3;0.15;2;1;2;1;1;10;;;;;ftv47.atsp;10;1868,15;1784;1776;5,19%;;;;;;;;;
ftv44.atsp;10015;ms;1669;269;150;3;0.15;2;1;2;1;1;10;;;;;ftv47.atsp;15;1892,25;1838;1776;6,55%;;;;;;;;;
ftv44.atsp;10024;ms;1676;260;150;3;0.15;2;1;2;1;1;10;;;;;ftv47.atsp;25;1878,15;1787;1776;5,75%;;;;;;;;;
ftv44.atsp;10017;ms;1665;269;150;3;0.15;2;1;2;1;1;10;1706,9;1646;;;ftv47.atsp;35;1878,8;1816;1776;5,79%;;;;;;;;;
ftv44.atsp;10015;ms;1623;267;150;3;0.15;2;1;2;5;1;10;;;;;ftv47.atsp;45;1873,35;1816;1776;5,48%;;;;;;;;;
ftv44.atsp;10008;ms;1646;270;150;3;0.15;2;1;2;5;1;10;;;;;;;;;;;;;;;;;;;
ftv44.atsp;10014;ms;1666;271;150;3;0.15;2;1;2;5;1;10;;;;;;;;;;;;;;;;;;;
ftv44.atsp;10021;ms;1661;271;150;3;0.15;2;1;2;5;1;10;;;;;;;;;;;;;;;;;;;
ftv44.atsp;10009;ms;1623;270;150;3;0.15;2;1;2;5;1;10;;;;;;;;;;;;;;;;;;;
ftv44.atsp;10028;ms;1688;271;150;3;0.15;2;1;2;5;1;10;;;;;;;;;;;;;;;;;;;
ftv44.atsp;10021;ms;1623;270;150;3;0.15;2;1;2;5;1;10;;;;;;;;;;;;;;;;;;;
ftv44.atsp;10000;ms;1669;269;150;3;0.15;2;1;2;5;1;10;;;;;;;;;;;;;;;;;;;
ftv44.atsp;10001;ms;1653;264;150;3;0.15;2;1;2;5;1;10;;;;;;;;;;;;;;;;;;;
ftv44.atsp;10006;ms;1663;236;150;3;0.15;2;1;2;5;1;10;;;;;;;;;;;;;;;;;;;
ftv44.atsp;10002;ms;1669;235;150;3;0.15;2;1;2;5;1;10;;;;;;;;;;;;;;;;;;;
ftv44.atsp;10026;ms;1632;248;150;3;0.15;2;1;2;5;1;10;;;;;;;;;;;;;;;;;;;
ftv44.atsp;10012;ms;1698;265;150;3;0.15;2;1;2;5;1;10;;;;;;;;;;;;;;;;;;;
ftv44.atsp;10002;ms;1691;255;150;3;0.15;2;1;2;5;1;10;;;;;;;;;;;;;;;;;;;
ftv44.atsp;10005;ms;1676;232;150;3;0.15;2;1;2;5;1;10;;;;;;;;;;;;;;;;;;;
ftv44.atsp;10010;ms;1682;239;150;3;0.15;2;1;2;5;1;10;;;;;;;;;;;;;;;;;;;
ftv44.atsp;10000;ms;1640;240;150;3;0.15;2;1;2;5;1;10;;;;;;;;;;;;;;;;;;;
ftv44.atsp;10028;ms;1713;234;150;3;0.15;2;1;2;5;1;10;;;;;;;;;;;;;;;;;;;
ftv44.atsp;10000;ms;1623;235;150;3;0.15;2;1;2;5;1;10;;;;;;;;;;;;;;;;;;;
ftv44.atsp;10015;ms;1700;231;150;3;0.15;2;1;2;5;1;10;1661,95;1623;;;;;;;;;;;;;;;;;
ftv44.atsp;10019;ms;1703;251;150;3;0.15;2;1;2;10;1;10;;;;;;;;;;;;;;;;;;;
ftv44.atsp;10015;ms;1627;245;150;3;0.15;2;1;2;10;1;10;;;;;;;;;;;;;;;;;;;
ftv44.atsp;10003;ms;1669;247;150;3;0.15;2;1;2;10;1;10;;;;;;;;;;;;;;;;;;;
ftv44.atsp;10011;ms;1706;250;150;3;0.15;2;1;2;10;1;10;;;;;;;;;;;;;;;;;;;
ftv44.atsp;10003;ms;1674;250;150;3;0.15;2;1;2;10;1;10;;;;;;;;;;;;;;;;;;;
ftv44.atsp;10018;ms;1702;267;150;3;0.15;2;1;2;10;1;10;;;;;;;;;;;;;;;;;;;
ftv44.atsp;10025;ms;1685;242;150;3;0.15;2;1;2;10;1;10;;;;;;;;;;;;;;;;;;;
ftv44.atsp;10026;ms;1613;250;150;3;0.15;2;1;2;10;1;10;;;;;;;;;;;;;;;;;;;
ftv44.atsp;10022;ms;1695;255;150;3;0.15;2;1;2;10;1;10;;;;;;;;;;;;;;;;;;;
ftv44.atsp;10004;ms;1725;255;150;3;0.15;2;1;2;10;1;10;;;;;;;;;;;;;;;;;;;
ftv44.atsp;10029;ms;1655;253;150;3;0.15;2;1;2;10;1;10;;;;;;;;;;;;;;;;;;;
ftv44.atsp;10012;ms;1649;253;150;3;0.15;2;1;2;10;1;10;;;;;;;;;;;;;;;;;;;
ftv44.atsp;10026;ms;1627;253;150;3;0.15;2;1;2;10;1;10;;;;;;;;;;;;;;;;;;;
ftv44.atsp;10044;ms;1640;240;150;3;0.15;2;1;2;10;1;10;;;;;;;;;;;;;;;;;;;
ftv44.atsp;10007;ms;1671;263;150;3;0.15;2;1;2;10;1;10;;;;;;;;;;;;;;;;;;;
ftv44.atsp;10029;ms;1669;269;150;3;0.15;2;1;2;10;1;10;;;;;;;;;;;;;;;;;;;
ftv44.atsp;10002;ms;1685;251;150;3;0.15;2;1;2;10;1;10;;;;;;;;;;;;;;;;;;;
ftv44.atsp;10043;ms;1640;248;150;3;0.15;2;1;2;10;1;10;;;;;;;;;;;;;;;;;;;
ftv44.atsp;10030;ms;1627;250;150;3;0.15;2;1;2;10;1;10;;;;;;;;;;;;;;;;;;;
ftv44.atsp;10031;ms;1627;255;150;3;0.15;2;1;2;10;1;10;1664,45;1613;;;;;;;;;;;;;;;;;
ftv44.atsp;10028;ms;1660;245;150;3;0.15;2;1;2;15;1;10;;;;;;;;;;;;;;;;;;;
ftv44.atsp;10017;ms;1774;251;150;3;0.15;2;1;2;15;1;10;;;;;;;;;;;;;;;;;;;
ftv44.atsp;10019;ms;1640;248;150;3;0.15;2;1;2;15;1;10;;;;;;;;;;;;;;;;;;;
ftv44.atsp;10021;ms;1694;249;150;3;0.15;2;1;2;15;1;10;;;;;;;;;;;;;;;;;;;
ftv44.atsp;10031;ms;1669;243;150;3;0.15;2;1;2;15;1;10;;;;;;;;;;;;;;;;;;;
ftv44.atsp;10031;ms;1735;255;150;3;0.15;2;1;2;15;1;10;;;;;;;;;;;;;;;;;;;
ftv44.atsp;10018;ms;1722;250;150;3;0.15;2;1;2;15;1;10;;;;;;;;;;;;;;;;;;;
ftv44.atsp;10024;ms;1671;252;150;3;0.15;2;1;2;15;1;10;;;;;;;;;;;;;;;;;;;
ftv44.atsp;10001;ms;1698;250;150;3;0.15;2;1;2;15;1;10;;;;;;;;;;;;;;;;;;;
ftv44.atsp;10011;ms;1677;259;150;3;0.15;2;1;2;15;1;10;;;;;;;;;;;;;;;;;;;
ftv44.atsp;10030;ms;1689;253;150;3;0.15;2;1;2;15;1;10;;;;;;;;;;;;;;;;;;;
ftv44.atsp;10016;ms;1721;249;150;3;0.15;2;1;2;15;1;10;;;;;;;;;;;;;;;;;;;
ftv44.atsp;10005;ms;1671;245;150;3;0.15;2;1;2;15;1;10;;;;;;;;;;;;;;;;;;;
ftv44.atsp;10030;ms;1720;249;150;3;0.15;2;1;2;15;1;10;;;;;;;;;;;;;;;;;;;
ftv44.atsp;10034;ms;1676;264;150;3;0.15;2;1;2;15;1;10;;;;;;;;;;;;;;;;;;;
ftv44.atsp;10005;ms;1710;242;150;3;0.15;2;1;2;15;1;10;;;;;;;;;;;;;;;;;;;
ftv44.atsp;10017;ms;1640;263;150;3;0.15;2;1;2;15;1;10;;;;;;;;;;;;;;;;;;;
ftv44.atsp;10012;ms;1666;262;150;3;0.15;2;1;2;15;1;10;;;;;;;;;;;;;;;;;;;
ftv44.atsp;10017;ms;1718;255;150;3;0.15;2;1;2;15;1;10;;;;;;;;;;;;;;;;;;;
ftv44.atsp;10031;ms;1649;256;150;3;0.15;2;1;2;15;1;10;1690;1640;;;;;;;;;;;;;;;;;
ftv44.atsp;10026;ms;1669;250;150;3;0.15;2;1;2;25;1;10;;;;;;;;;;;;;;;;;;;
ftv44.atsp;10002;ms;1729;262;150;3;0.15;2;1;2;25;1;10;;;;;;;;;;;;;;;;;;;
ftv44.atsp;10008;ms;1650;262;150;3;0.15;2;1;2;25;1;10;;;;;;;;;;;;;;;;;;;
ftv44.atsp;10021;ms;1650;264;150;3;0.15;2;1;2;25;1;10;;;;;;;;;;;;;;;;;;;
ftv44.atsp;10006;ms;1729;256;150;3;0.15;2;1;2;25;1;10;;;;;;;;;;;;;;;;;;;
ftv44.atsp;10023;ms;1693;264;150;3;0.15;2;1;2;25;1;10;;;;;;;;;;;;;;;;;;;
ftv44.atsp;10012;ms;1627;263;150;3;0.15;2;1;2;25;1;10;;;;;;;;;;;;;;;;;;;
ftv44.atsp;10002;ms;1669;262;150;3;0.15;2;1;2;25;1;10;;;;;;;;;;;;;;;;;;;
ftv44.atsp;10018;ms;1713;264;150;3;0.15;2;1;2;25;1;10;;;;;;;;;;;;;;;;;;;
ftv44.atsp;10020;ms;1669;263;150;3;0.15;2;1;2;25;1;10;;;;;;;;;;;;;;;;;;;
ftv44.atsp;10006;ms;1754;264;150;3;0.15;2;1;2;25;1;10;;;;;;;;;;;;;;;;;;;
ftv44.atsp;10023;ms;1706;262;150;3;0.15;2;1;2;25;1;10;;;;;;;;;;;;;;;;;;;
ftv44.atsp;10008;ms;1684;261;150;3;0.15;2;1;2;25;1;10;;;;;;;;;;;;;;;;;;;
ftv44.atsp;10020;ms;1613;262;150;3;0.15;2;1;2;25;1;10;;;;;;;;;;;;;;;;;;;
ftv44.atsp;10021;ms;1708;263;150;3;0.15;2;1;2;25;1;10;;;;;;;;;;;;;;;;;;;
ftv44.atsp;10027;ms;1674;262;150;3;0.15;2;1;2;25;1;10;;;;;;;;;;;;;;;;;;;
ftv44.atsp;10001;ms;1664;258;150;3;0.15;2;1;2;25;1;10;;;;;;;;;;;;;;;;;;;
ftv44.atsp;10010;ms;1693;258;150;3;0.15;2;1;2;25;1;10;;;;;;;;;;;;;;;;;;;
ftv44.atsp;10000;ms;1632;251;150;3;0.15;2;1;2;25;1;10;;;;;;;;;;;;;;;;;;;
ftv44.atsp;10009;ms;1613;258;150;3;0.15;2;1;2;25;1;10;1676,95;1613;;;;;;;;;;;;;;;;;
ftv44.atsp;10007;ms;1669;258;150;3;0.15;2;1;2;35;1;10;;;;;;;;;;;;;;;;;;;
ftv44.atsp;10029;ms;1623;263;150;3;0.15;2;1;2;35;1;10;;;;;;;;;;;;;;;;;;;
ftv44.atsp;10001;ms;1669;254;150;3;0.15;2;1;2;35;1;10;;;;;;;;;;;;;;;;;;;
ftv44.atsp;10014;ms;1729;250;150;3;0.15;2;1;2;35;1;10;;;;;;;;;;;;;;;;;;;
ftv44.atsp;10003;ms;1686;263;150;3;0.15;2;1;2;35;1;10;;;;;;;;;;;;;;;;;;;
ftv44.atsp;10030;ms;1730;261;150;3;0.15;2;1;2;35;1;10;;;;;;;;;;;;;;;;;;;
ftv44.atsp;10022;ms;1659;264;150;3;0.15;2;1;2;35;1;10;;;;;;;;;;;;;;;;;;;
ftv44.atsp;10016;ms;1623;263;150;3;0.15;2;1;2;35;1;10;;;;;;;;;;;;;;;;;;;
ftv44.atsp;10007;ms;1667;264;150;3;0.15;2;1;2;35;1;10;;;;;;;;;;;;;;;;;;;
ftv44.atsp;10019;ms;1683;263;150;3;0.15;2;1;2;35;1;10;;;;;;;;;;;;;;;;;;;
ftv44.atsp;10015;ms;1674;263;150;3;0.15;2;1;2;35;1;10;;;;;;;;;;;;;;;;;;;
ftv44.atsp;10011;ms;1682;264;150;3;0.15;2;1;2;35;1;10;;;;;;;;;;;;;;;;;;;
ftv44.atsp;10001;ms;1622;261;150;3;0.15;2;1;2;35;1;10;;;;;;;;;;;;;;;;;;;
ftv44.atsp;10013;ms;1640;263;150;3;0.15;2;1;2;35;1;10;;;;;;;;;;;;;;;;;;;
ftv44.atsp;10017;ms;1650;263;150;3;0.15;2;1;2;35;1;10;;;;;;;;;;;;;;;;;;;
ftv44.atsp;10024;ms;1640;264;150;3;0.15;2;1;2;35;1;10;;;;;;;;;;;;;;;;;;;
ftv44.atsp;10001;ms;1729;260;150;3;0.15;2;1;2;35;1;10;;;;;;;;;;;;;;;;;;;
ftv44.atsp;10016;ms;1682;252;150;3;0.15;2;1;2;35;1;10;;;;;;;;;;;;;;;;;;;
ftv44.atsp;10030;ms;1729;251;150;3;0.15;2;1;2;35;1;10;;;;;;;;;;;;;;;;;;;
ftv44.atsp;10025;ms;1729;257;150;3;0.15;2;1;2;35;1;10;1675,75;1622;;;;;;;;;;;;;;;;;
ftv44.atsp;10021;ms;1640;264;150;3;0.15;2;1;2;45;1;10;;;;;;;;;;;;;;;;;;;
ftv44.atsp;10033;ms;1690;263;150;3;0.15;2;1;2;45;1;10;;;;;;;;;;;;;;;;;;;
ftv44.atsp;10006;ms;1650;261;150;3;0.15;2;1;2;45;1;10;;;;;;;;;;;;;;;;;;;
ftv44.atsp;10002;ms;1623;263;150;3;0.15;2;1;2;45;1;10;;;;;;;;;;;;;;;;;;;
ftv44.atsp;10011;ms;1683;264;150;3;0.15;2;1;2;45;1;10;;;;;;;;;;;;;;;;;;;
ftv44.atsp;10021;ms;1623;262;150;3;0.15;2;1;2;45;1;10;;;;;;;;;;;;;;;;;;;
ftv44.atsp;10002;ms;1693;264;150;3;0.15;2;1;2;45;1;10;;;;;;;;;;;;;;;;;;;
ftv44.atsp;10018;ms;1650;265;150;3;0.15;2;1;2;45;1;10;;;;;;;;;;;;;;;;;;;
ftv44.atsp;10016;ms;1650;263;150;3;0.15;2;1;2;45;1;10;;;;;;;;;;;;;;;;;;;
ftv44.atsp;10007;ms;1659;262;150;3;0.15;2;1;2;45;1;10;;;;;;;;;;;;;;;;;;;
ftv44.atsp;10015;ms;1708;262;150;3;0.15;2;1;2;45;1;10;;;;;;;;;;;;;;;;;;;
ftv44.atsp;10018;ms;1650;262;150;3;0.15;2;1;2;45;1;10;;;;;;;;;;;;;;;;;;;
ftv44.atsp;10017;ms;1680;261;150;3;0.15;2;1;2;45;1;10;;;;;;;;;;;;;;;;;;;
ftv44.atsp;10032;ms;1637;263;150;3;0.15;2;1;2;45;1;10;;;;;;;;;;;;;;;;;;;
ftv44.atsp;10015;ms;1728;264;150;3;0.15;2;1;2;45;1;10;;;;;;;;;;;;;;;;;;;
ftv44.atsp;10060;ms;1682;263;150;3;0.15;2;1;2;45;1;10;;;;;;;;;;;;;;;;;;;
ftv44.atsp;10014;ms;1665;259;150;3;0.15;2;1;2;45;1;10;;;;;;;;;;;;;;;;;;;
ftv44.atsp;10023;ms;1650;270;150;3;0.15;2;1;2;45;1;10;;;;;;;;;;;;;;;;;;;
ftv44.atsp;10019;ms;1714;265;150;3;0.15;2;1;2;45;1;10;;;;;;;;;;;;;;;;;;;
ftv44.atsp;10000;ms;1650;267;150;3;0.15;2;1;2;45;1;10;1666,25;1623;;;;;;;;;;;;;;;;;
ft53.atsp;10038;ms;10761;170;150;3;0.15;2;1;2;0;1;10;;;;;;;;;;;;;;;;;;;
ft53.atsp;10020;ms;11266;170;150;3;0.15;2;1;2;0;1;10;;;;;;;;;;;;;;;;;;;
ft53.atsp;10029;ms;10945;169;150;3;0.15;2;1;2;0;1;10;;;;;;;;;;;;;;;;;;;
ft53.atsp;10016;ms;9872;170;150;3;0.15;2;1;2;0;1;10;;;;;;;;;;;;;;;;;;;
ft53.atsp;10018;ms;10609;166;150;3;0.15;2;1;2;0;1;10;;;;;;;;;;;;;;;;;;;
ft53.atsp;10022;ms;10804;144;150;3;0.15;2;1;2;0;1;10;;;;;;;;;;;;;;;;;;;
ft53.atsp;10021;ms;11157;167;150;3;0.15;2;1;2;0;1;10;;;;;;;;;;;;;;;;;;;
ft53.atsp;10003;ms;10667;165;150;3;0.15;2;1;2;0;1;10;;;;;;;;;;;;;;;;;;;
ft53.atsp;10038;ms;11529;167;150;3;0.15;2;1;2;0;1;10;;;;;;;;;;;;;;;;;;;
ft53.atsp;10018;ms;10402;167;150;3;0.15;2;1;2;0;1;10;;;;;;;;;;;;;;;;;;;
ft53.atsp;10011;ms;11259;168;150;3;0.15;2;1;2;0;1;10;;;;;;;;;;;;;;;;;;;
ft53.atsp;10041;ms;11019;162;150;3;0.15;2;1;2;0;1;10;;;;;;;;;;;;;;;;;;;
ft53.atsp;10021;ms;10554;167;150;3;0.15;2;1;2;0;1;10;;;;;;;;;;;;;;;;;;;
ft53.atsp;10036;ms;10610;169;150;3;0.15;2;1;2;0;1;10;;;;;;;;;;;;;;;;;;;
ft53.atsp;10041;ms;12409;164;150;3;0.15;2;1;2;0;1;10;;;;;;;;;;;;;;;;;;;
ft53.atsp;10001;ms;10213;162;150;3;0.15;2;1;2;0;1;10;;;;;;;;;;;;;;;;;;;
ft53.atsp;10025;ms;10701;168;150;3;0.15;2;1;2;0;1;10;;;;;;;;;;;;;;;;;;;
ft53.atsp;10045;ms;11030;162;150;3;0.15;2;1;2;0;1;10;;;;;;;;;;;;;;;;;;;
ft53.atsp;10038;ms;11100;159;150;3;0.15;2;1;2;0;1;10;;;;;;;;;;;;;;;;;;;
ft53.atsp;10024;ms;10616;165;150;3;0.15;2;1;2;0;1;10;10876,15;9872;;;;;;;;;;;;;;;;;
ft53.atsp;10042;ms;7590;167;150;3;0.15;2;1;2;1;1;10;;;;;;;;;;;;;;;;;;;
ft53.atsp;10016;ms;7452;163;150;3;0.15;2;1;2;1;1;10;;;;;;;;;;;;;;;;;;;
ft53.atsp;10003;ms;7707;164;150;3;0.15;2;1;2;1;1;10;;;;;;;;;;;;;;;;;;;
ft53.atsp;10026;ms;7567;164;150;3;0.15;2;1;2;1;1;10;;;;;;;;;;;;;;;;;;;
ft53.atsp;10027;ms;7277;166;150;3;0.15;2;1;2;1;1;10;;;;;;;;;;;;;;;;;;;
ft53.atsp;10016;ms;8033;168;150;3;0.15;2;1;2;1;1;10;;;;;;;;;;;;;;;;;;;
ft53.atsp;10013;ms;7746;167;150;3;0.15;2;1;2;1;1;10;;;;;;;;;;;;;;;;;;;
ft53.atsp;10029;ms;7763;169;150;3;0.15;2;1;2;1;1;10;;;;;;;;;;;;;;;;;;;
ft53.atsp;10014;ms;8011;164;150;3;0.15;2;1;2;1;1;10;;;;;;;;;;;;;;;;;;;
ft53.atsp;10012;ms;7847;163;150;3;0.15;2;1;2;1;1;10;;;;;;;;;;;;;;;;;;;
ft53.atsp;10037;ms;7938;168;150;3;0.15;2;1;2;1;1;10;;;;;;;;;;;;;;;;;;;
ft53.atsp;10018;ms;7645;168;150;3;0.15;2;1;2;1;1;10;;;;;;;;;;;;;;;;;;;
ft53.atsp;10003;ms;7752;168;150;3;0.15;2;1;2;1;1;10;;;;;;;;;;;;;;;;;;;
ft53.atsp;10020;ms;7443;168;150;3;0.15;2;1;2;1;1;10;;;;;;;;;;;;;;;;;;;
ft53.atsp;10041;ms;7751;168;150;3;0.15;2;1;2;1;1;10;;;;;;;;;;;;;;;;;;;
ft53.atsp;10024;ms;7403;162;150;3;0.15;2;1;2;1;1;10;;;;;;;;;;;;;;;;;;;
ft53.atsp;10024;ms;7623;169;150;3;0.15;2;1;2;1;1;10;;;;;;;;;;;;;;;;;;;
ft53.atsp;10004;ms;7600;167;150;3;0.15;2;1;2;1;1;10;;;;;;;;;;;;;;;;;;;
ft53.atsp;10019;ms;7251;167;150;3;0.15;2;1;2;1;1;10;;;;;;;;;;;;;;;;;;;
ft53.atsp;10034;ms;7452;162;150;3;0.15;2;1;2;1;1;10;7642,55;7251;;;;;;;;;;;;;;;;;
ft53.atsp;10038;ms;7057;161;150;3;0.15;2;1;2;5;1;10;;;;;;;;;;;;;;;;;;;
ft53.atsp;10020;ms;7198;168;150;3;0.15;2;1;2;5;1;10;;;;;;;;;;;;;;;;;;;
ft53.atsp;10010;ms;7054;167;150;3;0.15;2;1;2;5;1;10;;;;;;;;;;;;;;;;;;;
ft53.atsp;10044;ms;7230;160;150;3;0.15;2;1;2;5;1;10;;;;;;;;;;;;;;;;;;;
ft53.atsp;10039;ms;7725;168;150;3;0.15;2;1;2;5;1;10;;;;;;;;;;;;;;;;;;;
ft53.atsp;10002;ms;7136;168;150;3;0.15;2;1;2;5;1;10;;;;;;;;;;;;;;;;;;;
ft53.atsp;10012;ms;7275;168;150;3;0.15;2;1;2;5;1;10;;;;;;;;;;;;;;;;;;;
ft53.atsp;10006;ms;7137;168;150;3;0.15;2;1;2;5;1;10;;;;;;;;;;;;;;;;;;;
ft53.atsp;10044;ms;7070;169;150;3;0.15;2;1;2;5;1;10;;;;;;;;;;;;;;;;;;;
ft53.atsp;10004;ms;7320;162;150;3;0.15;2;1;2;5;1;10;;;;;;;;;;;;;;;;;;;
ft53.atsp;10025;ms;7353;158;150;3;0.15;2;1;2;5;1;10;;;;;;;;;;;;;;;;;;;
ft53.atsp;10030;ms;7718;167;150;3;0.15;2;1;2;5;1;10;;;;;;;;;;;;;;;;;;;
ft53.atsp;10011;ms;7319;168;150;3;0.15;2;1;2;5;1;10;;;;;;;;;;;;;;;;;;;
ft53.atsp;10013;ms;7332;169;150;3;0.15;2;1;2;5;1;10;;;;;;;;;;;;;;;;;;;
ft53.atsp;10035;ms;7257;164;150;3;0.15;2;1;2;5;1;10;;;;;;;;;;;;;;;;;;;
ft53.atsp;10023;ms;7259;168;150;3;0.15;2;1;2;5;1;10;;;;;;;;;;;;;;;;;;;
ft53.atsp;10012;ms;7110;168;150;3;0.15;2;1;2;5;1;10;;;;;;;;;;;;;;;;;;;
ft53.atsp;10006;ms;7484;165;150;3;0.15;2;1;2;5;1;10;;;;;;;;;;;;;;;;;;;
ft53.atsp;10031;ms;7210;165;150;3;0.15;2;1;2;5;1;10;;;;;;;;;;;;;;;;;;;
ft53.atsp;10013;ms;7047;168;150;3;0.15;2;1;2;5;1;10;7264,55;7047;;;;;;;;;;;;;;;;;
ft53.atsp;10000;ms;7322;168;150;3;0.15;2;1;2;10;1;10;;;;;;;;;;;;;;;;;;;
ft53.atsp;10012;ms;7057;168;150;3;0.15;2;1;2;10;1;10;;;;;;;;;;;;;;;;;;;
ft53.atsp;10016;ms;7581;161;150;3;0.15;2;1;2;10;1;10;;;;;;;;;;;;;;;;;;;
ft53.atsp;10043;ms;7124;166;150;3;0.15;2;1;2;10;1;10;;;;;;;;;;;;;;;;;;;
ft53.atsp;10039;ms;7590;167;150;3;0.15;2;1;2;10;1;10;;;;;;;;;;;;;;;;;;;
ft53.atsp;10001;ms;7645;164;150;3;0.15;2;1;2;10;1;10;;;;;;;;;;;;;;;;;;;
ft53.atsp;10038;ms;7309;170;150;3;0.15;2;1;2;10;1;10;;;;;;;;;;;;;;;;;;;
ft53.atsp;10024;ms;7732;164;150;3;0.15;2;1;2;10;1;10;;;;;;;;;;;;;;;;;;;
ft53.atsp;10016;ms;7272;163;150;3;0.15;2;1;2;10;1;10;;;;;;;;;;;;;;;;;;;
ft53.atsp;10024;ms;7645;151;150;3;0.15;2;1;2;10;1;10;;;;;;;;;;;;;;;;;;;
ft53.atsp;10032;ms;7124;163;150;3;0.15;2;1;2;10;1;10;;;;;;;;;;;;;;;;;;;
ft53.atsp;10001;ms;7124;167;150;3;0.15;2;1;2;10;1;10;;;;;;;;;;;;;;;;;;;
ft53.atsp;10029;ms;7198;166;150;3;0.15;2;1;2;10;1;10;;;;;;;;;;;;;;;;;;;
ft53.atsp;10016;ms;7211;165;150;3;0.15;2;1;2;10;1;10;;;;;;;;;;;;;;;;;;;
ft53.atsp;10003;ms;7281;168;150;3;0.15;2;1;2;10;1;10;;;;;;;;;;;;;;;;;;;
ft53.atsp;10030;ms;7631;163;150;3;0.15;2;1;2;10;1;10;;;;;;;;;;;;;;;;;;;
ft53.atsp;10000;ms;7403;159;150;3;0.15;2;1;2;10;1;10;;;;;;;;;;;;;;;;;;;
ft53.atsp;10025;ms;7660;166;150;3;0.15;2;1;2;10;1;10;;;;;;;;;;;;;;;;;;;
ft53.atsp;10035;ms;7645;159;150;3;0.15;2;1;2;10;1;10;;;;;;;;;;;;;;;;;;;
ft53.atsp;10004;ms;7705;167;150;3;0.15;2;1;2;10;1;10;7412,95;7057;;;;;;;;;;;;;;;;;
ft53.atsp;10021;ms;7655;168;150;3;0.15;2;1;2;15;1;10;;;;;;;;;;;;;;;;;;;
ft53.atsp;10012;ms;7688;167;150;3;0.15;2;1;2;15;1;10;;;;;;;;;;;;;;;;;;;
ft53.atsp;10018;ms;7669;165;150;3;0.15;2;1;2;15;1;10;;;;;;;;;;;;;;;;;;;
ft53.atsp;10014;ms;7331;168;150;3;0.15;2;1;2;15;1;10;;;;;;;;;;;;;;;;;;;
ft53.atsp;10011;ms;7716;167;150;3;0.15;2;1;2;15;1;10;;;;;;;;;;;;;;;;;;;
ft53.atsp;10036;ms;7124;166;150;3;0.15;2;1;2;15;1;10;;;;;;;;;;;;;;;;;;;
ft53.atsp;10015;ms;7500;169;150;3;0.15;2;1;2;15;1;10;;;;;;;;;;;;;;;;;;;
ft53.atsp;10033;ms;7284;169;150;3;0.15;2;1;2;15;1;10;;;;;;;;;;;;;;;;;;;
ft53.atsp;10039;ms;7285;153;150;3;0.15;2;1;2;15;1;10;;;;;;;;;;;;;;;;;;;
ft53.atsp;10038;ms;7643;158;150;3;0.15;2;1;2;15;1;10;;;;;;;;;;;;;;;;;;;
ft53.atsp;10044;ms;7809;168;150;3;0.15;2;1;2;15;1;10;;;;;;;;;;;;;;;;;;;
ft53.atsp;10033;ms;7285;166;150;3;0.15;2;1;2;15;1;10;;;;;;;;;;;;;;;;;;;
ft53.atsp;10029;ms;7108;160;150;3;0.15;2;1;2;15;1;10;;;;;;;;;;;;;;;;;;;
ft53.atsp;10042;ms;7589;168;150;3;0.15;2;1;2;15;1;10;;;;;;;;;;;;;;;;;;;
ft53.atsp;10047;ms;7248;162;150;3;0.15;2;1;2;15;1;10;;;;;;;;;;;;;;;;;;;
ft53.atsp;10028;ms;7440;159;150;3;0.15;2;1;2;15;1;10;;;;;;;;;;;;;;;;;;;
ft53.atsp;10020;ms;7706;161;150;3;0.15;2;1;2;15;1;10;;;;;;;;;;;;;;;;;;;
ft53.atsp;10015;ms;7743;166;150;3;0.15;2;1;2;15;1;10;;;;;;;;;;;;;;;;;;;
ft53.atsp;10009;ms;7789;159;150;3;0.15;2;1;2;15;1;10;;;;;;;;;;;;;;;;;;;
ft53.atsp;10012;ms;7248;155;150;3;0.15;2;1;2;15;1;10;7493;7108;;;;;;;;;;;;;;;;;
ft53.atsp;10012;ms;7329;161;150;3;0.15;2;1;2;25;1;10;;;;;;;;;;;;;;;;;;;
ft53.atsp;10019;ms;7835;167;150;3;0.15;2;1;2;25;1;10;;;;;;;;;;;;;;;;;;;
ft53.atsp;10043;ms;7434;167;150;3;0.15;2;1;2;25;1;10;;;;;;;;;;;;;;;;;;;
ft53.atsp;10020;ms;7301;167;150;3;0.15;2;1;2;25;1;10;;;;;;;;;;;;;;;;;;;
ft53.atsp;10028;ms;7655;161;150;3;0.15;2;1;2;25;1;10;;;;;;;;;;;;;;;;;;;
ft53.atsp;10025;ms;7649;160;150;3;0.15;2;1;2;25;1;10;;;;;;;;;;;;;;;;;;;
ft53.atsp;10017;ms;7271;149;150;3;0.15;2;1;2;25;1;10;;;;;;;;;;;;;;;;;;;
ft53.atsp;10033;ms;7448;161;150;3;0.15;2;1;2;25;1;10;;;;;;;;;;;;;;;;;;;
ft53.atsp;10045;ms;7315;165;150;3;0.15;2;1;2;25;1;10;;;;;;;;;;;;;;;;;;;
ft53.atsp;10039;ms;7522;166;150;3;0.15;2;1;2;25;1;10;;;;;;;;;;;;;;;;;;;
ft53.atsp;10009;ms;7289;161;150;3;0.15;2;1;2;25;1;10;;;;;;;;;;;;;;;;;;;
ft53.atsp;10012;ms;7581;164;150;3;0.15;2;1;2;25;1;10;;;;;;;;;;;;;;;;;;;
ft53.atsp;10037;ms;7250;165;150;3;0.15;2;1;2;25;1;10;;;;;;;;;;;;;;;;;;;
ft53.atsp;10027;ms;7331;164;150;3;0.15;2;1;2;25;1;10;;;;;;;;;;;;;;;;;;;
ft53.atsp;10008;ms;7773;161;150;3;0.15;2;1;2;25;1;10;;;;;;;;;;;;;;;;;;;
ft53.atsp;10035;ms;7516;165;150;3;0.15;2;1;2;25;1;10;;;;;;;;;;;;;;;;;;;
ft53.atsp;10026;ms;7444;162;150;3;0.15;2;1;2;25;1;10;;;;;;;;;;;;;;;;;;;
ft53.atsp;10015;ms;7787;162;150;3;0.15;2;1;2;25;1;10;;;;;;;;;;;;;;;;;;;
ft53.atsp;10018;ms;7331;167;150;3;0.15;2;1;2;25;1;10;;;;;;;;;;;;;;;;;;;
ft53.atsp;10013;ms;7743;161;150;3;0.15;2;1;2;25;1;10;7490,2;7250;;;;;;;;;;;;;;;;;
ft53.atsp;10016;ms;7448;161;150;3;0.15;2;1;2;35;1;10;;;;;;;;;;;;;;;;;;;
ft53.atsp;10035;ms;7478;163;150;3;0.15;2;1;2;35;1;10;;;;;;;;;;;;;;;;;;;
ft53.atsp;10041;ms;7248;169;150;3;0.15;2;1;2;35;1;10;;;;;;;;;;;;;;;;;;;
ft53.atsp;10039;ms;7353;169;150;3;0.15;2;1;2;35;1;10;;;;;;;;;;;;;;;;;;;
ft53.atsp;10017;ms;7716;164;150;3;0.15;2;1;2;35;1;10;;;;;;;;;;;;;;;;;;;
ft53.atsp;10026;ms;7424;163;150;3;0.15;2;1;2;35;1;10;;;;;;;;;;;;;;;;;;;
ft53.atsp;10016;ms;7331;167;150;3;0.15;2;1;2;35;1;10;;;;;;;;;;;;;;;;;;;
ft53.atsp;10041;ms;7779;168;150;3;0.15;2;1;2;35;1;10;;;;;;;;;;;;;;;;;;;
ft53.atsp;10026;ms;7331;166;150;3;0.15;2;1;2;35;1;10;;;;;;;;;;;;;;;;;;;
ft53.atsp;10034;ms;7269;166;150;3;0.15;2;1;2;35;1;10;;;;;;;;;;;;;;;;;;;
ft53.atsp;10042;ms;7331;167;150;3;0.15;2;1;2;35;1;10;;;;;;;;;;;;;;;;;;;
ft53.atsp;10022;ms;7248;162;150;3;0.15;2;1;2;35;1;10;;;;;;;;;;;;;;;;;;;
ft53.atsp;10024;ms;7347;166;150;3;0.15;2;1;2;35;1;10;;;;;;;;;;;;;;;;;;;
ft53.atsp;10020;ms;7649;167;150;3;0.15;2;1;2;35;1;10;;;;;;;;;;;;;;;;;;;
ft53.atsp;10025;ms;7225;163;150;3;0.15;2;1;2;35;1;10;;;;;;;;;;;;;;;;;;;
ft53.atsp;10040;ms;7444;167;150;3;0.15;2;1;2;35;1;10;;;;;;;;;;;;;;;;;;;
ft53.atsp;10001;ms;7124;160;150;3;0.15;2;1;2;35;1;10;;;;;;;;;;;;;;;;;;;
ft53.atsp;10015;ms;7881;166;150;3;0.15;2;1;2;35;1;10;;;;;;;;;;;;;;;;;;;
ft53.atsp;10010;ms;7654;166;150;3;0.15;2;1;2;35;1;10;;;;;;;;;;;;;;;;;;;
ft53.atsp;10030;ms;7225;168;150;3;0.15;2;1;2;35;1;10;7425,25;7124;;;;;;;;;;;;;;;;;
ft53.atsp;10037;ms;7342;167;150;3;0.15;2;1;2;45;1;10;;;;;;;;;;;;;;;;;;;
ft53.atsp;10035;ms;7648;160;150;3;0.15;2;1;2;45;1;10;;;;;;;;;;;;;;;;;;;
ft53.atsp;10045;ms;7448;166;150;3;0.15;2;1;2;45;1;10;;;;;;;;;;;;;;;;;;;
ft53.atsp;10028;ms;7090;161;150;3;0.15;2;1;2;45;1;10;;;;;;;;;;;;;;;;;;;
ft53.atsp;10030;ms;7552;163;150;3;0.15;2;1;2;45;1;10;;;;;;;;;;;;;;;;;;;
ft53.atsp;10007;ms;7472;167;150;3;0.15;2;1;2;45;1;10;;;;;;;;;;;;;;;;;;;
ft53.atsp;10027;ms;7645;164;150;3;0.15;2;1;2;45;1;10;;;;;;;;;;;;;;;;;;;
ft53.atsp;10036;ms;7301;166;150;3;0.15;2;1;2;45;1;10;;;;;;;;;;;;;;;;;;;
ft53.atsp;10021;ms;7110;166;150;3;0.15;2;1;2;45;1;10;;;;;;;;;;;;;;;;;;;
ft53.atsp;10011;ms;7212;166;150;3;0.15;2;1;2;45;1;10;;;;;;;;;;;;;;;;;;;
ft53.atsp;10045;ms;7305;168;150;3;0.15;2;1;2;45;1;10;;;;;;;;;;;;;;;;;;;
ft53.atsp;10020;ms;7825;165;150;3;0.15;2;1;2;45;1;10;;;;;;;;;;;;;;;;;;;
ft53.atsp;10031;ms;7658;166;150;3;0.15;2;1;2;45;1;10;;;;;;;;;;;;;;;;;;;
ft53.atsp;10019;ms;7248;167;150;3;0.15;2;1;2;45;1;10;;;;;;;;;;;;;;;;;;;
ft53.atsp;10017;ms;7327;162;150;3;0.15;2;1;2;45;1;10;;;;;;;;;;;;;;;;;;;
ft53.atsp;10011;ms;7372;164;150;3;0.15;2;1;2;45;1;10;;;;;;;;;;;;;;;;;;;
ft53.atsp;10008;ms;7248;160;150;3;0.15;2;1;2;45;1;10;;;;;;;;;;;;;;;;;;;
ft53.atsp;10030;ms;7248;165;150;3;0.15;2;1;2;45;1;10;;;;;;;;;;;;;;;;;;;
ft53.atsp;10030;ms;7528;166;150;3;0.15;2;1;2;45;1;10;;;;;;;;;;;;;;;;;;;
ft53.atsp;10022;ms;7301;162;150;3;0.15;2;1;2;45;1;10;7394;7090;;;;;;;;;;;;;;;;;
ftv55.atsp;10007;ms;3513;133;150;3;0.15;2;1;2;0;1;10;;;;;;;;;;;;;;;;;;;
ftv55.atsp;10035;ms;2995;135;150;3;0.15;2;1;2;0;1;10;;;;;;;;;;;;;;;;;;;
ftv55.atsp;10026;ms;2932;133;150;3;0.15;2;1;2;0;1;10;;;;;;;;;;;;;;;;;;;
ftv55.atsp;10034;ms;3298;135;150;3;0.15;2;1;2;0;1;10;;;;;;;;;;;;;;;;;;;
ftv55.atsp;10037;ms;3132;136;150;3;0.15;2;1;2;0;1;10;;;;;;;;;;;;;;;;;;;
ftv55.atsp;10001;ms;3195;136;150;3;0.15;2;1;2;0;1;10;;;;;;;;;;;;;;;;;;;
ftv55.atsp;10023;ms;3128;136;150;3;0.15;2;1;2;0;1;10;;;;;;;;;;;;;;;;;;;
ftv55.atsp;10005;ms;2872;136;150;3;0.15;2;1;2;0;1;10;;;;;;;;;;;;;;;;;;;
ftv55.atsp;10027;ms;3252;137;150;3;0.15;2;1;2;0;1;10;;;;;;;;;;;;;;;;;;;
ftv55.atsp;10047;ms;2935;136;150;3;0.15;2;1;2;0;1;10;;;;;;;;;;;;;;;;;;;
ftv55.atsp;10049;ms;2844;136;150;3;0.15;2;1;2;0;1;10;;;;;;;;;;;;;;;;;;;
ftv55.atsp;10032;ms;3228;133;150;3;0.15;2;1;2;0;1;10;;;;;;;;;;;;;;;;;;;
ftv55.atsp;10030;ms;3000;137;150;3;0.15;2;1;2;0;1;10;;;;;;;;;;;;;;;;;;;
ftv55.atsp;10019;ms;2742;136;150;3;0.15;2;1;2;0;1;10;;;;;;;;;;;;;;;;;;;
ftv55.atsp;10040;ms;3237;136;150;3;0.15;2;1;2;0;1;10;;;;;;;;;;;;;;;;;;;
ftv55.atsp;10035;ms;3296;129;150;3;0.15;2;1;2;0;1;10;;;;;;;;;;;;;;;;;;;
ftv55.atsp;10022;ms;2996;136;150;3;0.15;2;1;2;0;1;10;;;;;;;;;;;;;;;;;;;
ftv55.atsp;10039;ms;2827;135;150;3;0.15;2;1;2;0;1;10;;;;;;;;;;;;;;;;;;;
ftv55.atsp;10020;ms;2951;137;150;3;0.15;2;1;2;0;1;10;;;;;;;;;;;;;;;;;;;
ftv55.atsp;10027;ms;3203;136;150;3;0.15;2;1;2;0;1;10;3078,8;2742;;;;;;;;;;;;;;;;;
ftv55.atsp;10014;ms;1724;131;150;3;0.15;2;1;2;1;1;10;;;;;;;;;;;;;;;;;;;
ftv55.atsp;10010;ms;1879;132;150;3;0.15;2;1;2;1;1;10;;;;;;;;;;;;;;;;;;;
ftv55.atsp;10029;ms;1896;130;150;3;0.15;2;1;2;1;1;10;;;;;;;;;;;;;;;;;;;
ftv55.atsp;10033;ms;1857;136;150;3;0.15;2;1;2;1;1;10;;;;;;;;;;;;;;;;;;;
ftv55.atsp;10040;ms;1628;136;150;3;0.15;2;1;2;1;1;10;;;;;;;;;;;;;;;;;;;
ftv55.atsp;10031;ms;1763;137;150;3;0.15;2;1;2;1;1;10;;;;;;;;;;;;;;;;;;;
ftv55.atsp;10034;ms;1811;137;150;3;0.15;2;1;2;1;1;10;;;;;;;;;;;;;;;;;;;
ftv55.atsp;10048;ms;1736;136;150;3;0.15;2;1;2;1;1;10;;;;;;;;;;;;;;;;;;;
ftv55.atsp;10041;ms;1879;136;150;3;0.15;2;1;2;1;1;10;;;;;;;;;;;;;;;;;;;
ftv55.atsp;10007;ms;1691;135;150;3;0.15;2;1;2;1;1;10;;;;;;;;;;;;;;;;;;;
ftv55.atsp;10027;ms;1784;136;150;3;0.15;2;1;2;1;1;10;;;;;;;;;;;;;;;;;;;
ftv55.atsp;10044;ms;1879;135;150;3;0.15;2;1;2;1;1;10;;;;;;;;;;;;;;;;;;;
ftv55.atsp;10015;ms;1750;135;150;3;0.15;2;1;2;1;1;10;;;;;;;;;;;;;;;;;;;
ftv55.atsp;10019;ms;1822;135;150;3;0.15;2;1;2;1;1;10;;;;;;;;;;;;;;;;;;;
ftv55.atsp;10039;ms;1720;131;150;3;0.15;2;1;2;1;1;10;;;;;;;;;;;;;;;;;;;
ftv55.atsp;10026;ms;1879;136;150;3;0.15;2;1;2;1;1;10;;;;;;;;;;;;;;;;;;;
ftv55.atsp;10002;ms;1879;134;150;3;0.15;2;1;2;1;1;10;;;;;;;;;;;;;;;;;;;
ftv55.atsp;10042;ms;1844;135;150;3;0.15;2;1;2;1;1;10;;;;;;;;;;;;;;;;;;;
ftv55.atsp;10040;ms;1810;136;150;3;0.15;2;1;2;1;1;10;;;;;;;;;;;;;;;;;;;
ftv55.atsp;10005;ms;1879;127;150;3;0.15;2;1;2;1;1;10;1805,5;1628;;;;;;;;;;;;;;;;;
ftv55.atsp;10025;ms;1755;132;150;3;0.15;2;1;2;5;1;10;;;;;;;;;;;;;;;;;;;
ftv55.atsp;10011;ms;1680;130;150;3;0.15;2;1;2;5;1;10;;;;;;;;;;;;;;;;;;;
ftv55.atsp;10040;ms;1653;137;150;3;0.15;2;1;2;5;1;10;;;;;;;;;;;;;;;;;;;
ftv55.atsp;10045;ms;1690;135;150;3;0.15;2;1;2;5;1;10;;;;;;;;;;;;;;;;;;;
ftv55.atsp;10006;ms;1667;115;150;3;0.15;2;1;2;5;1;10;;;;;;;;;;;;;;;;;;;
ftv55.atsp;10036;ms;1663;102;150;3;0.15;2;1;2;5;1;10;;;;;;;;;;;;;;;;;;;
ftv55.atsp;10014;ms;1700;124;150;3;0.15;2;1;2;5;1;10;;;;;;;;;;;;;;;;;;;
ftv55.atsp;10019;ms;1653;130;150;3;0.15;2;1;2;5;1;10;;;;;;;;;;;;;;;;;;;
ftv55.atsp;10016;ms;1801;128;150;3;0.15;2;1;2;5;1;10;;;;;;;;;;;;;;;;;;;
ftv55.atsp;10064;ms;1758;110;150;3;0.15;2;1;2;5;1;10;;;;;;;;;;;;;;;;;;;
ftv55.atsp;10020;ms;1653;98;150;3;0.15;2;1;2;5;1;10;;;;;;;;;;;;;;;;;;;
ftv55.atsp;10045;ms;1670;101;150;3;0.15;2;1;2;5;1;10;;;;;;;;;;;;;;;;;;;
ftv55.atsp;10035;ms;1675;99;150;3;0.15;2;1;2;5;1;10;;;;;;;;;;;;;;;;;;;
ftv55.atsp;10034;ms;1681;103;150;3;0.15;2;1;2;5;1;10;;;;;;;;;;;;;;;;;;;
ftv55.atsp;10013;ms;1770;103;150;3;0.15;2;1;2;5;1;10;;;;;;;;;;;;;;;;;;;
ftv55.atsp;10035;ms;1691;98;150;3;0.15;2;1;2;5;1;10;;;;;;;;;;;;;;;;;;;
ftv55.atsp;10058;ms;1802;94;150;3;0.15;2;1;2;5;1;10;;;;;;;;;;;;;;;;;;;
ftv55.atsp;10054;ms;1720;82;150;3;0.15;2;1;2;5;1;10;;;;;;;;;;;;;;;;;;;
ftv55.atsp;10029;ms;1608;97;150;3;0.15;2;1;2;5;1;10;;;;;;;;;;;;;;;;;;;
ftv55.atsp;10019;ms;1618;100;150;3;0.15;2;1;2;5;1;10;1695,4;1608;;;;;;;;;;;;;;;;;
ftv55.atsp;10009;ms;1747;96;150;3;0.15;2;1;2;10;1;10;;;;;;;;;;;;;;;;;;;
ftv55.atsp;10001;ms;1746;96;150;3;0.15;2;1;2;10;1;10;;;;;;;;;;;;;;;;;;;
ftv55.atsp;10016;ms;1742;101;150;3;0.15;2;1;2;10;1;10;;;;;;;;;;;;;;;;;;;
ftv55.atsp;10035;ms;1742;106;150;3;0.15;2;1;2;10;1;10;;;;;;;;;;;;;;;;;;;
ftv55.atsp;10003;ms;1667;100;150;3;0.15;2;1;2;10;1;10;;;;;;;;;;;;;;;;;;;
ftv55.atsp;10014;ms;1684;108;150;3;0.15;2;1;2;10;1;10;;;;;;;;;;;;;;;;;;;
ftv55.atsp;10044;ms;1653;127;150;3;0.15;2;1;2;10;1;10;;;;;;;;;;;;;;;;;;;
ftv55.atsp;10002;ms;1820;121;150;3;0.15;2;1;2;10;1;10;;;;;;;;;;;;;;;;;;;
ftv55.atsp;10024;ms;1663;108;150;3;0.15;2;1;2;10;1;10;;;;;;;;;;;;;;;;;;;
ftv55.atsp;10021;ms;1661;106;150;3;0.15;2;1;2;10;1;10;;;;;;;;;;;;;;;;;;;
ftv55.atsp;10055;ms;1678;114;150;3;0.15;2;1;2;10;1;10;;;;;;;;;;;;;;;;;;;
ftv55.atsp;10053;ms;1781;105;150;3;0.15;2;1;2;10;1;10;;;;;;;;;;;;;;;;;;;
ftv55.atsp;10017;ms;1677;110;150;3;0.15;2;1;2;10;1;10;;;;;;;;;;;;;;;;;;;
ftv55.atsp;10035;ms;1732;107;150;3;0.15;2;1;2;10;1;10;;;;;;;;;;;;;;;;;;;
ftv55.atsp;10003;ms;1768;111;150;3;0.15;2;1;2;10;1;10;;;;;;;;;;;;;;;;;;;
ftv55.atsp;10012;ms;1660;110;150;3;0.15;2;1;2;10;1;10;;;;;;;;;;;;;;;;;;;
ftv55.atsp;10049;ms;1789;111;150;3;0.15;2;1;2;10;1;10;;;;;;;;;;;;;;;;;;;
ftv55.atsp;10000;ms;1780;106;150;3;0.15;2;1;2;10;1;10;;;;;;;;;;;;;;;;;;;
ftv55.atsp;10011;ms;1713;107;150;3;0.15;2;1;2;10;1;10;;;;;;;;;;;;;;;;;;;
ftv55.atsp;10030;ms;1727;107;150;3;0.15;2;1;2;10;1;10;1721,5;1653;;;;;;;;;;;;;;;;;
ftv55.atsp;10033;ms;1653;116;150;3;0.15;2;1;2;15;1;10;;;;;;;;;;;;;;;;;;;
ftv55.atsp;10044;ms;1663;108;150;3;0.15;2;1;2;15;1;10;;;;;;;;;;;;;;;;;;;
ftv55.atsp;10049;ms;1772;119;150;3;0.15;2;1;2;15;1;10;;;;;;;;;;;;;;;;;;;
ftv55.atsp;10032;ms;1688;105;150;3;0.15;2;1;2;15;1;10;;;;;;;;;;;;;;;;;;;
ftv55.atsp;10019;ms;1779;120;150;3;0.15;2;1;2;15;1;10;;;;;;;;;;;;;;;;;;;
ftv55.atsp;10022;ms;1663;130;150;3;0.15;2;1;2;15;1;10;;;;;;;;;;;;;;;;;;;
ftv55.atsp;10016;ms;1757;134;150;3;0.15;2;1;2;15;1;10;;;;;;;;;;;;;;;;;;;
ftv55.atsp;10019;ms;1725;131;150;3;0.15;2;1;2;15;1;10;;;;;;;;;;;;;;;;;;;
ftv55.atsp;10007;ms;1794;125;150;3;0.15;2;1;2;15;1;10;;;;;;;;;;;;;;;;;;;
ftv55.atsp;10010;ms;1654;111;150;3;0.15;2;1;2;15;1;10;;;;;;;;;;;;;;;;;;;
ftv55.atsp;10058;ms;1663;106;150;3;0.15;2;1;2;15;1;10;;;;;;;;;;;;;;;;;;;
ftv55.atsp;10042;ms;1657;106;150;3;0.15;2;1;2;15;1;10;;;;;;;;;;;;;;;;;;;
ftv55.atsp;10009;ms;1738;104;150;3;0.15;2;1;2;15;1;10;;;;;;;;;;;;;;;;;;;
ftv55.atsp;10015;ms;1742;106;150;3;0.15;2;1;2;15;1;10;;;;;;;;;;;;;;;;;;;
ftv55.atsp;10000;ms;1675;102;150;3;0.15;2;1;2;15;1;10;;;;;;;;;;;;;;;;;;;
ftv55.atsp;10036;ms;1742;106;150;3;0.15;2;1;2;15;1;10;;;;;;;;;;;;;;;;;;;
ftv55.atsp;10004;ms;1789;108;150;3;0.15;2;1;2;15;1;10;;;;;;;;;;;;;;;;;;;
ftv55.atsp;10012;ms;1697;104;150;3;0.15;2;1;2;15;1;10;;;;;;;;;;;;;;;;;;;
ftv55.atsp;10025;ms;1725;107;150;3;0.15;2;1;2;15;1;10;;;;;;;;;;;;;;;;;;;
ftv55.atsp;10040;ms;1750;106;150;3;0.15;2;1;2;15;1;10;1716,3;1653;;;;;;;;;;;;;;;;;
ftv55.atsp;10019;ms;1757;106;150;3;0.15;2;1;2;25;1;10;;;;;;;;;;;;;;;;;;;
ftv55.atsp;10028;ms;1677;110;150;3;0.15;2;1;2;25;1;10;;;;;;;;;;;;;;;;;;;
ftv55.atsp;10059;ms;1732;106;150;3;0.15;2;1;2;25;1;10;;;;;;;;;;;;;;;;;;;
ftv55.atsp;10044;ms;1734;111;150;3;0.15;2;1;2;25;1;10;;;;;;;;;;;;;;;;;;;
ftv55.atsp;10019;ms;1709;105;150;3;0.15;2;1;2;25;1;10;;;;;;;;;;;;;;;;;;;
ftv55.atsp;10056;ms;1751;109;150;3;0.15;2;1;2;25;1;10;;;;;;;;;;;;;;;;;;;
ftv55.atsp;10006;ms;1734;116;150;3;0.15;2;1;2;25;1;10;;;;;;;;;;;;;;;;;;;
ftv55.atsp;10011;ms;1716;126;150;3;0.15;2;1;2;25;1;10;;;;;;;;;;;;;;;;;;;
ftv55.atsp;10029;ms;1739;108;150;3;0.15;2;1;2;25;1;10;;;;;;;;;;;;;;;;;;;
ftv55.atsp;10058;ms;1702;106;150;3;0.15;2;1;2;25;1;10;;;;;;;;;;;;;;;;;;;
ftv55.atsp;10001;ms;1736;107;150;3;0.15;2;1;2;25;1;10;;;;;;;;;;;;;;;;;;;
ftv55.atsp;10007;ms;1743;107;150;3;0.15;2;1;2;25;1;10;;;;;;;;;;;;;;;;;;;
ftv55.atsp;10007;ms;1746;108;150;3;0.15;2;1;2;25;1;10;;;;;;;;;;;;;;;;;;;
ftv55.atsp;10019;ms;1674;105;150;3;0.15;2;1;2;25;1;10;;;;;;;;;;;;;;;;;;;
ftv55.atsp;10051;ms;1738;98;150;3;0.15;2;1;2;25;1;10;;;;;;;;;;;;;;;;;;;
ftv55.atsp;10057;ms;1679;110;150;3;0.15;2;1;2;25;1;10;;;;;;;;;;;;;;;;;;;
ftv55.atsp;10008;ms;1722;114;150;3;0.15;2;1;2;25;1;10;;;;;;;;;;;;;;;;;;;
ftv55.atsp;10037;ms;1713;122;150;3;0.15;2;1;2;25;1;10;;;;;;;;;;;;;;;;;;;
ftv55.atsp;10006;ms;1665;128;150;3;0.15;2;1;2;25;1;10;;;;;;;;;;;;;;;;;;;
ftv55.atsp;10060;ms;1608;105;150;3;0.15;2;1;2;25;1;10;1713,75;1608;;;;;;;;;;;;;;;;;
ftv55.atsp;10031;ms;1781;115;150;3;0.15;2;1;2;35;1;10;;;;;;;;;;;;;;;;;;;
ftv55.atsp;10032;ms;1828;126;150;3;0.15;2;1;2;35;1;10;;;;;;;;;;;;;;;;;;;
ftv55.atsp;10046;ms;1713;111;150;3;0.15;2;1;2;35;1;10;;;;;;;;;;;;;;;;;;;
ftv55.atsp;10003;ms;1743;106;150;3;0.15;2;1;2;35;1;10;;;;;;;;;;;;;;;;;;;
ftv55.atsp;10036;ms;1698;126;150;3;0.15;2;1;2;35;1;10;;;;;;;;;;;;;;;;;;;
ftv55.atsp;10042;ms;1655;126;150;3;0.15;2;1;2;35;1;10;;;;;;;;;;;;;;;;;;;
ftv55.atsp;10007;ms;1655;136;150;3;0.15;2;1;2;35;1;10;;;;;;;;;;;;;;;;;;;
ftv55.atsp;10020;ms;1721;138;150;3;0.15;2;1;2;35;1;10;;;;;;;;;;;;;;;;;;;
ftv55.atsp;10044;ms;1668;140;150;3;0.15;2;1;2;35;1;10;;;;;;;;;;;;;;;;;;;
ftv55.atsp;10012;ms;1742;137;150;3;0.15;2;1;2;35;1;10;;;;;;;;;;;;;;;;;;;
ftv55.atsp;10043;ms;1679;138;150;3;0.15;2;1;2;35;1;10;;;;;;;;;;;;;;;;;;;
ftv55.atsp;10008;ms;1726;134;150;3;0.15;2;1;2;35;1;10;;;;;;;;;;;;;;;;;;;
ftv55.atsp;10047;ms;1713;139;150;3;0.15;2;1;2;35;1;10;;;;;;;;;;;;;;;;;;;
ftv55.atsp;10014;ms;1659;137;150;3;0.15;2;1;2;35;1;10;;;;;;;;;;;;;;;;;;;
ftv55.atsp;10032;ms;1691;136;150;3;0.15;2;1;2;35;1;10;;;;;;;;;;;;;;;;;;;
ftv55.atsp;10034;ms;1733;139;150;3;0.15;2;1;2;35;1;10;;;;;;;;;;;;;;;;;;;
ftv55.atsp;10034;ms;1718;141;150;3;0.15;2;1;2;35;1;10;;;;;;;;;;;;;;;;;;;
ftv55.atsp;10012;ms;1735;139;150;3;0.15;2;1;2;35;1;10;;;;;;;;;;;;;;;;;;;
ftv55.atsp;10043;ms;1629;141;150;3;0.15;2;1;2;35;1;10;;;;;;;;;;;;;;;;;;;
ftv55.atsp;10007;ms;1664;140;150;3;0.15;2;1;2;35;1;10;1707,55;1629;;;;;;;;;;;;;;;;;
ftv55.atsp;10028;ms;1654;139;150;3;0.15;2;1;2;45;1;10;;;;;;;;;;;;;;;;;;;
ftv55.atsp;10021;ms;1747;136;150;3;0.15;2;1;2;45;1;10;;;;;;;;;;;;;;;;;;;
ftv55.atsp;10024;ms;1746;137;150;3;0.15;2;1;2;45;1;10;;;;;;;;;;;;;;;;;;;
ftv55.atsp;10040;ms;1674;140;150;3;0.15;2;1;2;45;1;10;;;;;;;;;;;;;;;;;;;
ftv55.atsp;10010;ms;1657;140;150;3;0.15;2;1;2;45;1;10;;;;;;;;;;;;;;;;;;;
ftv55.atsp;10037;ms;1747;141;150;3;0.15;2;1;2;45;1;10;;;;;;;;;;;;;;;;;;;
ftv55.atsp;10042;ms;1750;140;150;3;0.15;2;1;2;45;1;10;;;;;;;;;;;;;;;;;;;
ftv55.atsp;10021;ms;1763;139;150;3;0.15;2;1;2;45;1;10;;;;;;;;;;;;;;;;;;;
ftv55.atsp;10045;ms;1760;141;150;3;0.15;2;1;2;45;1;10;;;;;;;;;;;;;;;;;;;
ftv55.atsp;10029;ms;1750;138;150;3;0.15;2;1;2;45;1;10;;;;;;;;;;;;;;;;;;;
ftv55.atsp;10003;ms;1653;138;150;3;0.15;2;1;2;45;1;10;;;;;;;;;;;;;;;;;;;
ftv55.atsp;10020;ms;1715;139;150;3;0.15;2;1;2;45;1;10;;;;;;;;;;;;;;;;;;;
ftv55.atsp;10035;ms;1794;138;150;3;0.15;2;1;2;45;1;10;;;;;;;;;;;;;;;;;;;
ftv55.atsp;10005;ms;1764;138;150;3;0.15;2;1;2;45;1;10;;;;;;;;;;;;;;;;;;;
ftv55.atsp;10002;ms;1747;139;150;3;0.15;2;1;2;45;1;10;;;;;;;;;;;;;;;;;;;
ftv55.atsp;10009;ms;1701;139;150;3;0.15;2;1;2;45;1;10;;;;;;;;;;;;;;;;;;;
ftv55.atsp;10028;ms;1695;127;150;3;0.15;2;1;2;45;1;10;;;;;;;;;;;;;;;;;;;
ftv55.atsp;10026;ms;1686;112;150;3;0.15;2;1;2;45;1;10;;;;;;;;;;;;;;;;;;;
ftv55.atsp;10015;ms;1729;118;150;3;0.15;2;1;2;45;1;10;;;;;;;;;;;;;;;;;;;
ftv55.atsp;10044;ms;1722;115;150;3;0.15;2;1;2;45;1;10;1722,7;1653;;;;;;;;;;;;;;;;;
ftv64.atsp;10051;ms;3625;47;150;3;0.15;2;1;2;0;1;10;;;;;;;;;;;;;;;;;;;
ftv64.atsp;10044;ms;3251;47;150;3;0.15;2;1;2;0;1;10;;;;;;;;;;;;;;;;;;;
ftv64.atsp;10032;ms;3722;47;150;3;0.15;2;1;2;0;1;10;;;;;;;;;;;;;;;;;;;
ftv64.atsp;10010;ms;2982;20;150;3;0.15;2;1;2;0;1;10;;;;;;;;;;;;;;;;;;;
ftv64.atsp;10071;ms;3357;38;150;3;0.15;2;1;2;0;1;10;;;;;;;;;;;;;;;;;;;
ftv64.atsp;10048;ms;3458;39;150;3;0.15;2;1;2;0;1;10;;;;;;;;;;;;;;;;;;;
ftv64.atsp;10006;ms;3116;55;150;3;0.15;2;1;2;0;1;10;;;;;;;;;;;;;;;;;;;
ftv64.atsp;10004;ms;3858;55;150;3;0.15;2;1;2;0;1;10;;;;;;;;;;;;;;;;;;;
ftv64.atsp;10037;ms;3307;55;150;3;0.15;2;1;2;0;1;10;;;;;;;;;;;;;;;;;;;
ftv64.atsp;10072;ms;3475;43;150;3;0.15;2;1;2;0;1;10;;;;;;;;;;;;;;;;;;;
ftv64.atsp;10043;ms;3919;42;150;3;0.15;2;1;2;0;1;10;;;;;;;;;;;;;;;;;;;
ftv64.atsp;10063;ms;3623;44;150;3;0.15;2;1;2;0;1;10;;;;;;;;;;;;;;;;;;;
ftv64.atsp;10012;ms;3722;45;150;3;0.15;2;1;2;0;1;10;;;;;;;;;;;;;;;;;;;
ftv64.atsp;10024;ms;3855;43;150;3;0.15;2;1;2;0;1;10;;;;;;;;;;;;;;;;;;;
ftv64.atsp;10008;ms;3807;46;150;3;0.15;2;1;2;0;1;10;;;;;;;;;;;;;;;;;;;
ftv64.atsp;10037;ms;3637;42;150;3;0.15;2;1;2;0;1;10;;;;;;;;;;;;;;;;;;;
ftv64.atsp;10027;ms;3354;47;150;3;0.15;2;1;2;0;1;10;;;;;;;;;;;;;;;;;;;
ftv64.atsp;10071;ms;3597;46;150;3;0.15;2;1;2;0;1;10;;;;;;;;;;;;;;;;;;;
ftv64.atsp;10071;ms;3100;42;150;3;0.15;2;1;2;0;1;10;;;;;;;;;;;;;;;;;;;
ftv64.atsp;10057;ms;3948;45;150;3;0.15;2;1;2;0;1;10;3535,65;2982;;;;;;;;;;;;;;;;;
ftv64.atsp;10001;ms;1927;45;150;3;0.15;2;1;2;1;1;10;;;;;;;;;;;;;;;;;;;
ftv64.atsp;10038;ms;2105;48;150;3;0.15;2;1;2;1;1;10;;;;;;;;;;;;;;;;;;;
ftv64.atsp;10025;ms;1978;45;150;3;0.15;2;1;2;1;1;10;;;;;;;;;;;;;;;;;;;
ftv64.atsp;10026;ms;2075;52;150;3;0.15;2;1;2;1;1;10;;;;;;;;;;;;;;;;;;;
ftv64.atsp;10041;ms;2146;45;150;3;0.15;2;1;2;1;1;10;;;;;;;;;;;;;;;;;;;
ftv64.atsp;10053;ms;2127;45;150;3;0.15;2;1;2;1;1;10;;;;;;;;;;;;;;;;;;;
ftv64.atsp;10040;ms;2065;48;150;3;0.15;2;1;2;1;1;10;;;;;;;;;;;;;;;;;;;
ftv64.atsp;10063;ms;2111;47;150;3;0.15;2;1;2;1;1;10;;;;;;;;;;;;;;;;;;;
ftv64.atsp;10002;ms;2004;45;150;3;0.15;2;1;2;1;1;10;;;;;;;;;;;;;;;;;;;
ftv64.atsp;10076;ms;2023;44;150;3;0.15;2;1;2;1;1;10;;;;;;;;;;;;;;;;;;;
ftv64.atsp;10006;ms;2044;47;150;3;0.15;2;1;2;1;1;10;;;;;;;;;;;;;;;;;;;
ftv64.atsp;10049;ms;1965;58;150;3;0.15;2;1;2;1;1;10;;;;;;;;;;;;;;;;;;;
ftv64.atsp;10007;ms;1894;62;150;3;0.15;2;1;2;1;1;10;;;;;;;;;;;;;;;;;;;
ftv64.atsp;10032;ms;2063;64;150;3;0.15;2;1;2;1;1;10;;;;;;;;;;;;;;;;;;;
ftv64.atsp;10055;ms;2137;65;150;3;0.15;2;1;2;1;1;10;;;;;;;;;;;;;;;;;;;
ftv64.atsp;10033;ms;2020;64;150;3;0.15;2;1;2;1;1;10;;;;;;;;;;;;;;;;;;;
ftv64.atsp;10011;ms;1958;62;150;3;0.15;2;1;2;1;1;10;;;;;;;;;;;;;;;;;;;
ftv64.atsp;10021;ms;2033;64;150;3;0.15;2;1;2;1;1;10;;;;;;;;;;;;;;;;;;;
ftv64.atsp;10048;ms;2068;65;150;3;0.15;2;1;2;1;1;10;;;;;;;;;;;;;;;;;;;
ftv64.atsp;10009;ms;2114;65;150;3;0.15;2;1;2;1;1;10;2042,85;1894;;;;;;;;;;;;;;;;;
ftv64.atsp;10001;ms;2038;64;150;3;0.15;2;1;2;5;1;10;;;;;;;;;;;;;;;;;;;
ftv64.atsp;10046;ms;1949;65;150;3;0.15;2;1;2;5;1;10;;;;;;;;;;;;;;;;;;;
ftv64.atsp;10025;ms;1953;66;150;3;0.15;2;1;2;5;1;10;;;;;;;;;;;;;;;;;;;
ftv64.atsp;10039;ms;1880;66;150;3;0.15;2;1;2;5;1;10;;;;;;;;;;;;;;;;;;;
ftv64.atsp;10034;ms;1990;66;150;3;0.15;2;1;2;5;1;10;;;;;;;;;;;;;;;;;;;
ftv64.atsp;10045;ms;1988;66;150;3;0.15;2;1;2;5;1;10;;;;;;;;;;;;;;;;;;;
ftv64.atsp;10009;ms;2034;65;150;3;0.15;2;1;2;5;1;10;;;;;;;;;;;;;;;;;;;
ftv64.atsp;10045;ms;1945;65;150;3;0.15;2;1;2;5;1;10;;;;;;;;;;;;;;;;;;;
ftv64.atsp;10046;ms;1942;66;150;3;0.15;2;1;2;5;1;10;;;;;;;;;;;;;;;;;;;
ftv64.atsp;10033;ms;1925;66;150;3;0.15;2;1;2;5;1;10;;;;;;;;;;;;;;;;;;;
ftv64.atsp;10050;ms;1891;67;150;3;0.15;2;1;2;5;1;10;;;;;;;;;;;;;;;;;;;
ftv64.atsp;10060;ms;1884;66;150;3;0.15;2;1;2;5;1;10;;;;;;;;;;;;;;;;;;;
ftv64.atsp;10014;ms;1926;65;150;3;0.15;2;1;2;5;1;10;;;;;;;;;;;;;;;;;;;
ftv64.atsp;10026;ms;2046;66;150;3;0.15;2;1;2;5;1;10;;;;;;;;;;;;;;;;;;;
ftv64.atsp;10014;ms;1891;66;150;3;0.15;2;1;2;5;1;10;;;;;;;;;;;;;;;;;;;
ftv64.atsp;10063;ms;1893;66;150;3;0.15;2;1;2;5;1;10;;;;;;;;;;;;;;;;;;;
ftv64.atsp;10026;ms;1950;66;150;3;0.15;2;1;2;5;1;10;;;;;;;;;;;;;;;;;;;
ftv64.atsp;10019;ms;2043;65;150;3;0.15;2;1;2;5;1;10;;;;;;;;;;;;;;;;;;;
ftv64.atsp;10051;ms;1933;67;150;3;0.15;2;1;2;5;1;10;;;;;;;;;;;;;;;;;;;
ftv64.atsp;10008;ms;1946;66;150;3;0.15;2;1;2;5;1;10;1952,35;1880;;;;;;;;;;;;;;;;;
ftv64.atsp;10027;ms;1968;66;150;3;0.15;2;1;2;10;1;10;;;;;;;;;;;;;;;;;;;
ftv64.atsp;10003;ms;1877;66;150;3;0.15;2;1;2;10;1;10;;;;;;;;;;;;;;;;;;;
ftv64.atsp;10000;ms;1946;65;150;3;0.15;2;1;2;10;1;10;;;;;;;;;;;;;;;;;;;
ftv64.atsp;10016;ms;1978;62;150;3;0.15;2;1;2;10;1;10;;;;;;;;;;;;;;;;;;;
ftv64.atsp;10027;ms;1865;66;150;3;0.15;2;1;2;10;1;10;;;;;;;;;;;;;;;;;;;
ftv64.atsp;10047;ms;1875;67;150;3;0.15;2;1;2;10;1;10;;;;;;;;;;;;;;;;;;;
ftv64.atsp;10051;ms;1981;67;150;3;0.15;2;1;2;10;1;10;;;;;;;;;;;;;;;;;;;
ftv64.atsp;10049;ms;1883;66;150;3;0.15;2;1;2;10;1;10;;;;;;;;;;;;;;;;;;;
ftv64.atsp;10024;ms;1909;64;150;3;0.15;2;1;2;10;1;10;;;;;;;;;;;;;;;;;;;
ftv64.atsp;10036;ms;2010;66;150;3;0.15;2;1;2;10;1;10;;;;;;;;;;;;;;;;;;;
ftv64.atsp;10017;ms;1931;66;150;3;0.15;2;1;2;10;1;10;;;;;;;;;;;;;;;;;;;
ftv64.atsp;10006;ms;1978;66;150;3;0.15;2;1;2;10;1;10;;;;;;;;;;;;;;;;;;;
ftv64.atsp;10000;ms;1850;66;150;3;0.15;2;1;2;10;1;10;;;;;;;;;;;;;;;;;;;
ftv64.atsp;10059;ms;1985;67;150;3;0.15;2;1;2;10;1;10;;;;;;;;;;;;;;;;;;;
ftv64.atsp;10033;ms;1960;66;150;3;0.15;2;1;2;10;1;10;;;;;;;;;;;;;;;;;;;
ftv64.atsp;10054;ms;1880;66;150;3;0.15;2;1;2;10;1;10;;;;;;;;;;;;;;;;;;;
ftv64.atsp;10002;ms;1850;66;150;3;0.15;2;1;2;10;1;10;;;;;;;;;;;;;;;;;;;
ftv64.atsp;10046;ms;1969;63;150;3;0.15;2;1;2;10;1;10;;;;;;;;;;;;;;;;;;;
ftv64.atsp;10053;ms;1947;61;150;3;0.15;2;1;2;10;1;10;;;;;;;;;;;;;;;;;;;
ftv64.atsp;10064;ms;1975;67;150;3;0.15;2;1;2;10;1;10;1930,85;1850;;;;;;;;;;;;;;;;;
ftv64.atsp;10018;ms;1945;67;150;3;0.15;2;1;2;15;1;10;;;;;;;;;;;;;;;;;;;
ftv64.atsp;10060;ms;1946;67;150;3;0.15;2;1;2;15;1;10;;;;;;;;;;;;;;;;;;;
ftv64.atsp;10003;ms;1897;65;150;3;0.15;2;1;2;15;1;10;;;;;;;;;;;;;;;;;;;
ftv64.atsp;10003;ms;1924;67;150;3;0.15;2;1;2;15;1;10;;;;;;;;;;;;;;;;;;;
ftv64.atsp;10022;ms;1928;67;150;3;0.15;2;1;2;15;1;10;;;;;;;;;;;;;;;;;;;
ftv64.atsp;10061;ms;1925;62;150;3;0.15;2;1;2;15;1;10;;;;;;;;;;;;;;;;;;;
ftv64.atsp;10058;ms;1872;62;150;3;0.15;2;1;2;15;1;10;;;;;;;;;;;;;;;;;;;
ftv64.atsp;10039;ms;1865;67;150;3;0.15;2;1;2;15;1;10;;;;;;;;;;;;;;;;;;;
ftv64.atsp;10029;ms;1979;59;150;3;0.15;2;1;2;15;1;10;;;;;;;;;;;;;;;;;;;
ftv64.atsp;10024;ms;1988;59;150;3;0.15;2;1;2;15;1;10;;;;;;;;;;;;;;;;;;;
ftv64.atsp;10054;ms;1894;57;150;3;0.15;2;1;2;15;1;10;;;;;;;;;;;;;;;;;;;
ftv64.atsp;10058;ms;1940;53;150;3;0.15;2;1;2;15;1;10;;;;;;;;;;;;;;;;;;;
ftv64.atsp;10012;ms;1877;56;150;3;0.15;2;1;2;15;1;10;;;;;;;;;;;;;;;;;;;
ftv64.atsp;10014;ms;1950;55;150;3;0.15;2;1;2;15;1;10;;;;;;;;;;;;;;;;;;;
ftv64.atsp;10015;ms;1936;64;150;3;0.15;2;1;2;15;1;10;;;;;;;;;;;;;;;;;;;
ftv64.atsp;10029;ms;1935;64;150;3;0.15;2;1;2;15;1;10;;;;;;;;;;;;;;;;;;;
ftv64.atsp;10037;ms;1964;66;150;3;0.15;2;1;2;15;1;10;;;;;;;;;;;;;;;;;;;
ftv64.atsp;10019;ms;1894;66;150;3;0.15;2;1;2;15;1;10;;;;;;;;;;;;;;;;;;;
ftv64.atsp;10000;ms;1926;66;150;3;0.15;2;1;2;15;1;10;;;;;;;;;;;;;;;;;;;
ftv64.atsp;10003;ms;1957;66;150;3;0.15;2;1;2;15;1;10;1927,1;1865;;;;;;;;;;;;;;;;;
ftv64.atsp;10065;ms;1996;67;150;3;0.15;2;1;2;25;1;10;;;;;;;;;;;;;;;;;;;
ftv64.atsp;10064;ms;1880;63;150;3;0.15;2;1;2;25;1;10;;;;;;;;;;;;;;;;;;;
ftv64.atsp;10057;ms;1957;66;150;3;0.15;2;1;2;25;1;10;;;;;;;;;;;;;;;;;;;
ftv64.atsp;10040;ms;1915;67;150;3;0.15;2;1;2;25;1;10;;;;;;;;;;;;;;;;;;;
ftv64.atsp;10050;ms;1924;67;150;3;0.15;2;1;2;25;1;10;;;;;;;;;;;;;;;;;;;
ftv64.atsp;10014;ms;1919;66;150;3;0.15;2;1;2;25;1;10;;;;;;;;;;;;;;;;;;;
ftv64.atsp;10040;ms;1911;64;150;3;0.15;2;1;2;25;1;10;;;;;;;;;;;;;;;;;;;
ftv64.atsp;10007;ms;1909;65;150;3;0.15;2;1;2;25;1;10;;;;;;;;;;;;;;;;;;;
ftv64.atsp;10045;ms;1884;65;150;3;0.15;2;1;2;25;1;10;;;;;;;;;;;;;;;;;;;
ftv64.atsp;10007;ms;1964;65;150;3;0.15;2;1;2;25;1;10;;;;;;;;;;;;;;;;;;;
ftv64.atsp;10043;ms;1915;66;150;3;0.15;2;1;2;25;1;10;;;;;;;;;;;;;;;;;;;
ftv64.atsp;10052;ms;1946;66;150;3;0.15;2;1;2;25;1;10;;;;;;;;;;;;;;;;;;;
ftv64.atsp;10003;ms;1887;65;150;3;0.15;2;1;2;25;1;10;;;;;;;;;;;;;;;;;;;
ftv64.atsp;10046;ms;1887;66;150;3;0.15;2;1;2;25;1;10;;;;;;;;;;;;;;;;;;;
ftv64.atsp;10049;ms;1987;64;150;3;0.15;2;1;2;25;1;10;;;;;;;;;;;;;;;;;;;
ftv64.atsp;10034;ms;1919;57;150;3;0.15;2;1;2;25;1;10;;;;;;;;;;;;;;;;;;;
ftv64.atsp;10055;ms;1899;55;150;3;0.15;2;1;2;25;1;10;;;;;;;;;;;;;;;;;;;
ftv64.atsp;10063;ms;1988;59;150;3;0.15;2;1;2;25;1;10;;;;;;;;;;;;;;;;;;;
ftv64.atsp;10019;ms;1943;42;150;3;0.15;2;1;2;25;1;10;;;;;;;;;;;;;;;;;;;
ftv64.atsp;10030;ms;1953;37;150;3;0.15;2;1;2;25;1;10;1929,15;1880;;;;;;;;;;;;;;;;;
ftv64.atsp;10038;ms;1911;45;150;3;0.15;2;1;2;35;1;10;;;;;;;;;;;;;;;;;;;
ftv64.atsp;10051;ms;1950;44;150;3;0.15;2;1;2;35;1;10;;;;;;;;;;;;;;;;;;;
ftv64.atsp;10040;ms;1879;56;150;3;0.15;2;1;2;35;1;10;;;;;;;;;;;;;;;;;;;
ftv64.atsp;10029;ms;1922;56;150;3;0.15;2;1;2;35;1;10;;;;;;;;;;;;;;;;;;;
ftv64.atsp;10059;ms;1860;55;150;3;0.15;2;1;2;35;1;10;;;;;;;;;;;;;;;;;;;
ftv64.atsp;10038;ms;1894;54;150;3;0.15;2;1;2;35;1;10;;;;;;;;;;;;;;;;;;;
ftv64.atsp;10001;ms;1908;63;150;3;0.15;2;1;2;35;1;10;;;;;;;;;;;;;;;;;;;
ftv64.atsp;10053;ms;1892;64;150;3;0.15;2;1;2;35;1;10;;;;;;;;;;;;;;;;;;;
ftv64.atsp;10028;ms;1984;65;150;3;0.15;2;1;2;35;1;10;;;;;;;;;;;;;;;;;;;
ftv64.atsp;10000;ms;1980;65;150;3;0.15;2;1;2;35;1;10;;;;;;;;;;;;;;;;;;;
ftv64.atsp;10030;ms;1850;66;150;3;0.15;2;1;2;35;1;10;;;;;;;;;;;;;;;;;;;
ftv64.atsp;10000;ms;1910;66;150;3;0.15;2;1;2;35;1;10;;;;;;;;;;;;;;;;;;;
ftv64.atsp;10009;ms;1864;65;150;3;0.15;2;1;2;35;1;10;;;;;;;;;;;;;;;;;;;
ftv64.atsp;10064;ms;1880;65;150;3;0.15;2;1;2;35;1;10;;;;;;;;;;;;;;;;;;;
ftv64.atsp;10042;ms;1925;65;150;3;0.15;2;1;2;35;1;10;;;;;;;;;;;;;;;;;;;
ftv64.atsp;10060;ms;1988;66;150;3;0.15;2;1;2;35;1;10;;;;;;;;;;;;;;;;;;;
ftv64.atsp;10059;ms;1941;65;150;3;0.15;2;1;2;35;1;10;;;;;;;;;;;;;;;;;;;
ftv64.atsp;10042;ms;1872;62;150;3;0.15;2;1;2;35;1;10;;;;;;;;;;;;;;;;;;;
ftv64.atsp;10060;ms;1912;66;150;3;0.15;2;1;2;35;1;10;;;;;;;;;;;;;;;;;;;
ftv64.atsp;10038;ms;1887;66;150;3;0.15;2;1;2;35;1;10;1910,45;1850;;;;;;;;;;;;;;;;;
ftv64.atsp;10026;ms;1884;59;150;3;0.15;2;1;2;45;1;10;;;;;;;;;;;;;;;;;;;
ftv64.atsp;10024;ms;1908;64;150;3;0.15;2;1;2;45;1;10;;;;;;;;;;;;;;;;;;;
ftv64.atsp;10013;ms;1909;65;150;3;0.15;2;1;2;45;1;10;;;;;;;;;;;;;;;;;;;
ftv64.atsp;10014;ms;1875;65;150;3;0.15;2;1;2;45;1;10;;;;;;;;;;;;;;;;;;;
ftv64.atsp;10055;ms;1921;67;150;3;0.15;2;1;2;45;1;10;;;;;;;;;;;;;;;;;;;
ftv64.atsp;10016;ms;1980;67;150;3;0.15;2;1;2;45;1;10;;;;;;;;;;;;;;;;;;;
ftv64.atsp;10031;ms;1873;65;150;3;0.15;2;1;2;45;1;10;;;;;;;;;;;;;;;;;;;
ftv64.atsp;10057;ms;1911;66;150;3;0.15;2;1;2;45;1;10;;;;;;;;;;;;;;;;;;;
ftv64.atsp;10046;ms;1949;66;150;3;0.15;2;1;2;45;1;10;;;;;;;;;;;;;;;;;;;
ftv64.atsp;10012;ms;1858;66;150;3;0.15;2;1;2;45;1;10;;;;;;;;;;;;;;;;;;;
ftv64.atsp;10007;ms;1914;66;150;3;0.15;2;1;2;45;1;10;;;;;;;;;;;;;;;;;;;
ftv64.atsp;10004;ms;1872;66;150;3;0.15;2;1;2;45;1;10;;;;;;;;;;;;;;;;;;;
ftv64.atsp;10061;ms;1934;67;150;3;0.15;2;1;2;45;1;10;;;;;;;;;;;;;;;;;;;
ftv64.atsp;10052;ms;1911;67;150;3;0.15;2;1;2;45;1;10;;;;;;;;;;;;;;;;;;;
ftv64.atsp;10061;ms;1858;67;150;3;0.15;2;1;2;45;1;10;;;;;;;;;;;;;;;;;;;
ftv64.atsp;10009;ms;1980;66;150;3;0.15;2;1;2;45;1;10;;;;;;;;;;;;;;;;;;;
ftv64.atsp;10057;ms;1911;67;150;3;0.15;2;1;2;45;1;10;;;;;;;;;;;;;;;;;;;
ftv64.atsp;10024;ms;1923;66;150;3;0.15;2;1;2;45;1;10;;;;;;;;;;;;;;;;;;;
ftv64.atsp;10020;ms;1872;66;150;3;0.15;2;1;2;45;1;10;;;;;;;;;;;;;;;;;;;
ftv64.atsp;10063;ms;1875;67;150;3;0.15;2;1;2;45;1;10;1905,9;1858;;;;;;;;;;;;;;;;;
ftv47.atsp;10016;ms;2830;226;150;3;0.15;2;1;2;0;1;10;;;;;;;;;;;;;;;;;;;
ftv47.atsp;10030;ms;3000;228;150;3;0.15;2;1;2;0;1;10;;;;;;;;;;;;;;;;;;;
ftv47.atsp;10033;ms;2832;228;150;3;0.15;2;1;2;0;1;10;;;;;;;;;;;;;;;;;;;
ftv47.atsp;10006;ms;2791;228;150;3;0.15;2;1;2;0;1;10;;;;;;;;;;;;;;;;;;;
ftv47.atsp;10033;ms;2792;225;150;3;0.15;2;1;2;0;1;10;;;;;;;;;;;;;;;;;;;
ftv47.atsp;10008;ms;2743;228;150;3;0.15;2;1;2;0;1;10;;;;;;;;;;;;;;;;;;;
ftv47.atsp;10017;ms;2473;228;150;3;0.15;2;1;2;0;1;10;;;;;;;;;;;;;;;;;;;
ftv47.atsp;10026;ms;2926;225;150;3;0.15;2;1;2;0;1;10;;;;;;;;;;;;;;;;;;;
ftv47.atsp;10036;ms;2300;224;150;3;0.15;2;1;2;0;1;10;;;;;;;;;;;;;;;;;;;
ftv47.atsp;10005;ms;2695;223;150;3;0.15;2;1;2;0;1;10;;;;;;;;;;;;;;;;;;;
ftv47.atsp;10009;ms;2935;226;150;3;0.15;2;1;2;0;1;10;;;;;;;;;;;;;;;;;;;
ftv47.atsp;10021;ms;2934;228;150;3;0.15;2;1;2;0;1;10;;;;;;;;;;;;;;;;;;;
ftv47.atsp;10007;ms;3018;228;150;3;0.15;2;1;2;0;1;10;;;;;;;;;;;;;;;;;;;
ftv47.atsp;10012;ms;2671;228;150;3;0.15;2;1;2;0;1;10;;;;;;;;;;;;;;;;;;;
ftv47.atsp;10022;ms;2077;228;150;3;0.15;2;1;2;0;1;10;;;;;;;;;;;;;;;;;;;
ftv47.atsp;10000;ms;2895;228;150;3;0.15;2;1;2;0;1;10;;;;;;;;;;;;;;;;;;;
ftv47.atsp;10033;ms;3035;223;150;3;0.15;2;1;2;0;1;10;;;;;;;;;;;;;;;;;;;
ftv47.atsp;10007;ms;2925;228;150;3;0.15;2;1;2;0;1;10;;;;;;;;;;;;;;;;;;;
ftv47.atsp;10022;ms;3083;228;150;3;0.15;2;1;2;0;1;10;;;;;;;;;;;;;;;;;;;
ftv47.atsp;10032;ms;2985;228;150;3;0.15;2;1;2;0;1;10;2797;2077;;;;;;;;;;;;;;;;;
ftv47.atsp;10020;ms;2018;227;150;3;0.15;2;1;2;1;1;10;;;;;;;;;;;;;;;;;;;
ftv47.atsp;10002;ms;1887;228;150;3;0.15;2;1;2;1;1;10;;;;;;;;;;;;;;;;;;;
ftv47.atsp;10009;ms;1893;228;150;3;0.15;2;1;2;1;1;10;;;;;;;;;;;;;;;;;;;
ftv47.atsp;10028;ms;1997;229;150;3;0.15;2;1;2;1;1;10;;;;;;;;;;;;;;;;;;;
ftv47.atsp;10021;ms;1980;229;150;3;0.15;2;1;2;1;1;10;;;;;;;;;;;;;;;;;;;
ftv47.atsp;10018;ms;1889;227;150;3;0.15;2;1;2;1;1;10;;;;;;;;;;;;;;;;;;;
ftv47.atsp;10010;ms;1927;220;150;3;0.15;2;1;2;1;1;10;;;;;;;;;;;;;;;;;;;
ftv47.atsp;10020;ms;1967;216;150;3;0.15;2;1;2;1;1;10;;;;;;;;;;;;;;;;;;;
ftv47.atsp;10014;ms;1947;226;150;3;0.15;2;1;2;1;1;10;;;;;;;;;;;;;;;;;;;
ftv47.atsp;10006;ms;1904;224;150;3;0.15;2;1;2;1;1;10;;;;;;;;;;;;;;;;;;;
ftv47.atsp;10001;ms;1986;218;150;3;0.15;2;1;2;1;1;10;;;;;;;;;;;;;;;;;;;
ftv47.atsp;10027;ms;1972;227;150;3;0.15;2;1;2;1;1;10;;;;;;;;;;;;;;;;;;;
ftv47.atsp;10011;ms;1959;228;150;3;0.15;2;1;2;1;1;10;;;;;;;;;;;;;;;;;;;
ftv47.atsp;10028;ms;1933;229;150;3;0.15;2;1;2;1;1;10;;;;;;;;;;;;;;;;;;;
ftv47.atsp;10009;ms;1898;224;150;3;0.15;2;1;2;1;1;10;;;;;;;;;;;;;;;;;;;
ftv47.atsp;10009;ms;2030;226;150;3;0.15;2;1;2;1;1;10;;;;;;;;;;;;;;;;;;;
ftv47.atsp;10020;ms;1972;229;150;3;0.15;2;1;2;1;1;10;;;;;;;;;;;;;;;;;;;
ftv47.atsp;10033;ms;2063;229;150;3;0.15;2;1;2;1;1;10;;;;;;;;;;;;;;;;;;;
ftv47.atsp;10035;ms;2013;226;150;3;0.15;2;1;2;1;1;10;;;;;;;;;;;;;;;;;;;
ftv47.atsp;10036;ms;1966;229;150;3;0.15;2;1;2;1;1;10;1960,05;1887;;;;;;;;;;;;;;;;;
ftv47.atsp;10026;ms;1891;228;150;3;0.15;2;1;2;5;1;10;;;;;;;;;;;;;;;;;;;
ftv47.atsp;10013;ms;1894;228;150;3;0.15;2;1;2;5;1;10;;;;;;;;;;;;;;;;;;;
ftv47.atsp;10009;ms;1859;225;150;3;0.15;2;1;2;5;1;10;;;;;;;;;;;;;;;;;;;
ftv47.atsp;10016;ms;1861;225;150;3;0.15;2;1;2;5;1;10;;;;;;;;;;;;;;;;;;;
ftv47.atsp;10002;ms;1881;228;150;3;0.15;2;1;2;5;1;10;;;;;;;;;;;;;;;;;;;
ftv47.atsp;10019;ms;1826;229;150;3;0.15;2;1;2;5;1;10;;;;;;;;;;;;;;;;;;;
ftv47.atsp;10015;ms;1863;227;150;3;0.15;2;1;2;5;1;10;;;;;;;;;;;;;;;;;;;
ftv47.atsp;10008;ms;1886;229;150;3;0.15;2;1;2;5;1;10;;;;;;;;;;;;;;;;;;;
ftv47.atsp;10024;ms;1848;229;150;3;0.15;2;1;2;5;1;10;;;;;;;;;;;;;;;;;;;
ftv47.atsp;10031;ms;1891;227;150;3;0.15;2;1;2;5;1;10;;;;;;;;;;;;;;;;;;;
ftv47.atsp;10034;ms;1896;229;150;3;0.15;2;1;2;5;1;10;;;;;;;;;;;;;;;;;;;
ftv47.atsp;10029;ms;1826;229;150;3;0.15;2;1;2;5;1;10;;;;;;;;;;;;;;;;;;;
ftv47.atsp;10010;ms;1839;229;150;3;0.15;2;1;2;5;1;10;;;;;;;;;;;;;;;;;;;
ftv47.atsp;10023;ms;1864;228;150;3;0.15;2;1;2;5;1;10;;;;;;;;;;;;;;;;;;;
ftv47.atsp;10010;ms;1895;228;150;3;0.15;2;1;2;5;1;10;;;;;;;;;;;;;;;;;;;
ftv47.atsp;10002;ms;1820;228;150;3;0.15;2;1;2;5;1;10;;;;;;;;;;;;;;;;;;;
ftv47.atsp;10034;ms;1967;229;150;3;0.15;2;1;2;5;1;10;;;;;;;;;;;;;;;;;;;
ftv47.atsp;10033;ms;1873;230;150;3;0.15;2;1;2;5;1;10;;;;;;;;;;;;;;;;;;;
ftv47.atsp;10022;ms;1944;210;150;3;0.15;2;1;2;5;1;10;;;;;;;;;;;;;;;;;;;
ftv47.atsp;10029;ms;1865;222;150;3;0.15;2;1;2;5;1;10;1874,45;1820;;;;;;;;;;;;;;;;;
ftv47.atsp;10016;ms;1853;228;150;3;0.15;2;1;2;10;1;10;;;;;;;;;;;;;;;;;;;
ftv47.atsp;10000;ms;1894;228;150;3;0.15;2;1;2;10;1;10;;;;;;;;;;;;;;;;;;;
ftv47.atsp;10035;ms;1850;229;150;3;0.15;2;1;2;10;1;10;;;;;;;;;;;;;;;;;;;
ftv47.atsp;10028;ms;1942;229;150;3;0.15;2;1;2;10;1;10;;;;;;;;;;;;;;;;;;;
ftv47.atsp;10010;ms;1838;228;150;3;0.15;2;1;2;10;1;10;;;;;;;;;;;;;;;;;;;
ftv47.atsp;10015;ms;1850;229;150;3;0.15;2;1;2;10;1;10;;;;;;;;;;;;;;;;;;;
ftv47.atsp;10011;ms;1822;227;150;3;0.15;2;1;2;10;1;10;;;;;;;;;;;;;;;;;;;
ftv47.atsp;10003;ms;1936;227;150;3;0.15;2;1;2;10;1;10;;;;;;;;;;;;;;;;;;;
ftv47.atsp;10020;ms;1928;229;150;3;0.15;2;1;2;10;1;10;;;;;;;;;;;;;;;;;;;
ftv47.atsp;10008;ms;1826;228;150;3;0.15;2;1;2;10;1;10;;;;;;;;;;;;;;;;;;;
ftv47.atsp;10034;ms;1819;224;150;3;0.15;2;1;2;10;1;10;;;;;;;;;;;;;;;;;;;
ftv47.atsp;10034;ms;1841;226;150;3;0.15;2;1;2;10;1;10;;;;;;;;;;;;;;;;;;;
ftv47.atsp;10012;ms;1784;223;150;3;0.15;2;1;2;10;1;10;;;;;;;;;;;;;;;;;;;
ftv47.atsp;10020;ms;1902;229;150;3;0.15;2;1;2;10;1;10;;;;;;;;;;;;;;;;;;;
ftv47.atsp;10033;ms;1838;229;150;3;0.15;2;1;2;10;1;10;;;;;;;;;;;;;;;;;;;
ftv47.atsp;10034;ms;1864;225;150;3;0.15;2;1;2;10;1;10;;;;;;;;;;;;;;;;;;;
ftv47.atsp;10016;ms;1970;227;150;3;0.15;2;1;2;10;1;10;;;;;;;;;;;;;;;;;;;
ftv47.atsp;10034;ms;1861;222;150;3;0.15;2;1;2;10;1;10;;;;;;;;;;;;;;;;;;;
ftv47.atsp;10021;ms;1826;222;150;3;0.15;2;1;2;10;1;10;;;;;;;;;;;;;;;;;;;
ftv47.atsp;10002;ms;1919;228;150;3;0.15;2;1;2;10;1;10;1868,15;1784;;;;;;;;;;;;;;;;;
ftv47.atsp;10007;ms;1853;226;150;3;0.15;2;1;2;15;1;10;;;;;;;;;;;;;;;;;;;
ftv47.atsp;10033;ms;1979;223;150;3;0.15;2;1;2;15;1;10;;;;;;;;;;;;;;;;;;;
ftv47.atsp;10008;ms;1846;220;150;3;0.15;2;1;2;15;1;10;;;;;;;;;;;;;;;;;;;
ftv47.atsp;10001;ms;1900;227;150;3;0.15;2;1;2;15;1;10;;;;;;;;;;;;;;;;;;;
ftv47.atsp;10034;ms;1853;229;150;3;0.15;2;1;2;15;1;10;;;;;;;;;;;;;;;;;;;
ftv47.atsp;10034;ms;1872;228;150;3;0.15;2;1;2;15;1;10;;;;;;;;;;;;;;;;;;;
ftv47.atsp;10003;ms;1861;228;150;3;0.15;2;1;2;15;1;10;;;;;;;;;;;;;;;;;;;
ftv47.atsp;10031;ms;1898;229;150;3;0.15;2;1;2;15;1;10;;;;;;;;;;;;;;;;;;;
ftv47.atsp;10001;ms;1838;225;150;3;0.15;2;1;2;15;1;10;;;;;;;;;;;;;;;;;;;
ftv47.atsp;10010;ms;1982;221;150;3;0.15;2;1;2;15;1;10;;;;;;;;;;;;;;;;;;;
ftv47.atsp;10017;ms;1920;226;150;3;0.15;2;1;2;15;1;10;;;;;;;;;;;;;;;;;;;
ftv47.atsp;10036;ms;1937;229;150;3;0.15;2;1;2;15;1;10;;;;;;;;;;;;;;;;;;;
ftv47.atsp;10029;ms;1842;229;150;3;0.15;2;1;2;15;1;10;;;;;;;;;;;;;;;;;;;
ftv47.atsp;10006;ms;1945;226;150;3;0.15;2;1;2;15;1;10;;;;;;;;;;;;;;;;;;;
ftv47.atsp;10026;ms;1964;227;150;3;0.15;2;1;2;15;1;10;;;;;;;;;;;;;;;;;;;
ftv47.atsp;10031;ms;1870;226;150;3;0.15;2;1;2;15;1;10;;;;;;;;;;;;;;;;;;;
ftv47.atsp;10030;ms;1853;222;150;3;0.15;2;1;2;15;1;10;;;;;;;;;;;;;;;;;;;
ftv47.atsp;10026;ms;1915;225;150;3;0.15;2;1;2;15;1;10;;;;;;;;;;;;;;;;;;;
ftv47.atsp;10033;ms;1864;226;150;3;0.15;2;1;2;15;1;10;;;;;;;;;;;;;;;;;;;
ftv47.atsp;10011;ms;1853;227;150;3;0.15;2;1;2;15;1;10;1892,25;1838;;;;;;;;;;;;;;;;;
ftv47.atsp;10007;ms;1932;227;150;3;0.15;2;1;2;25;1;10;;;;;;;;;;;;;;;;;;;
ftv47.atsp;10019;ms;1872;225;150;3;0.15;2;1;2;25;1;10;;;;;;;;;;;;;;;;;;;
ftv47.atsp;10001;ms;1787;228;150;3;0.15;2;1;2;25;1;10;;;;;;;;;;;;;;;;;;;
ftv47.atsp;10019;ms;1904;227;150;3;0.15;2;1;2;25;1;10;;;;;;;;;;;;;;;;;;;
ftv47.atsp;10002;ms;1823;226;150;3;0.15;2;1;2;25;1;10;;;;;;;;;;;;;;;;;;;
ftv47.atsp;10019;ms;1945;228;150;3;0.15;2;1;2;25;1;10;;;;;;;;;;;;;;;;;;;
ftv47.atsp;10031;ms;1912;227;150;3;0.15;2;1;2;25;1;10;;;;;;;;;;;;;;;;;;;
ftv47.atsp;10017;ms;1872;228;150;3;0.15;2;1;2;25;1;10;;;;;;;;;;;;;;;;;;;
ftv47.atsp;10003;ms;1872;226;150;3;0.15;2;1;2;25;1;10;;;;;;;;;;;;;;;;;;;
ftv47.atsp;10033;ms;1846;227;150;3;0.15;2;1;2;25;1;10;;;;;;;;;;;;;;;;;;;
ftv47.atsp;10034;ms;1881;229;150;3;0.15;2;1;2;25;1;10;;;;;;;;;;;;;;;;;;;
ftv47.atsp;10028;ms;1852;228;150;3;0.15;2;1;2;25;1;10;;;;;;;;;;;;;;;;;;;
ftv47.atsp;10035;ms;1871;223;150;3;0.15;2;1;2;25;1;10;;;;;;;;;;;;;;;;;;;
ftv47.atsp;10010;ms;1795;225;150;3;0.15;2;1;2;25;1;10;;;;;;;;;;;;;;;;;;;
ftv47.atsp;10011;ms;1833;221;150;3;0.15;2;1;2;25;1;10;;;;;;;;;;;;;;;;;;;
ftv47.atsp;10014;ms;1858;225;150;3;0.15;2;1;2;25;1;10;;;;;;;;;;;;;;;;;;;
ftv47.atsp;10001;ms;1900;226;150;3;0.15;2;1;2;25;1;10;;;;;;;;;;;;;;;;;;;
ftv47.atsp;10008;ms;1979;219;150;3;0.15;2;1;2;25;1;10;;;;;;;;;;;;;;;;;;;
ftv47.atsp;10027;ms;1940;230;150;3;0.15;2;1;2;25;1;10;;;;;;;;;;;;;;;;;;;
ftv47.atsp;10025;ms;1889;226;150;3;0.15;2;1;2;25;1;10;1878,15;1787;;;;;;;;;;;;;;;;;
ftv47.atsp;10028;ms;1869;229;150;3;0.15;2;1;2;35;1;10;;;;;;;;;;;;;;;;;;;
ftv47.atsp;10010;ms;1971;229;150;3;0.15;2;1;2;35;1;10;;;;;;;;;;;;;;;;;;;
ftv47.atsp;10018;ms;1889;227;150;3;0.15;2;1;2;35;1;10;;;;;;;;;;;;;;;;;;;
ftv47.atsp;10022;ms;1860;227;150;3;0.15;2;1;2;35;1;10;;;;;;;;;;;;;;;;;;;
ftv47.atsp;10000;ms;1900;227;150;3;0.15;2;1;2;35;1;10;;;;;;;;;;;;;;;;;;;
ftv47.atsp;10018;ms;1842;230;150;3;0.15;2;1;2;35;1;10;;;;;;;;;;;;;;;;;;;
ftv47.atsp;10035;ms;1846;228;150;3;0.15;2;1;2;35;1;10;;;;;;;;;;;;;;;;;;;
ftv47.atsp;10035;ms;1833;228;150;3;0.15;2;1;2;35;1;10;;;;;;;;;;;;;;;;;;;
ftv47.atsp;10010;ms;1860;230;150;3;0.15;2;1;2;35;1;10;;;;;;;;;;;;;;;;;;;
ftv47.atsp;10008;ms;1860;230;150;3;0.15;2;1;2;35;1;10;;;;;;;;;;;;;;;;;;;
ftv47.atsp;10001;ms;1828;228;150;3;0.15;2;1;2;35;1;10;;;;;;;;;;;;;;;;;;;
ftv47.atsp;10005;ms;1912;227;150;3;0.15;2;1;2;35;1;10;;;;;;;;;;;;;;;;;;;
ftv47.atsp;10011;ms;1920;230;150;3;0.15;2;1;2;35;1;10;;;;;;;;;;;;;;;;;;;
ftv47.atsp;10011;ms;1816;210;150;3;0.15;2;1;2;35;1;10;;;;;;;;;;;;;;;;;;;
ftv47.atsp;10035;ms;1853;220;150;3;0.15;2;1;2;35;1;10;;;;;;;;;;;;;;;;;;;
ftv47.atsp;10036;ms;1973;227;150;3;0.15;2;1;2;35;1;10;;;;;;;;;;;;;;;;;;;
ftv47.atsp;10035;ms;1894;229;150;3;0.15;2;1;2;35;1;10;;;;;;;;;;;;;;;;;;;
ftv47.atsp;10024;ms;1885;229;150;3;0.15;2;1;2;35;1;10;;;;;;;;;;;;;;;;;;;
ftv47.atsp;10015;ms;1860;218;150;3;0.15;2;1;2;35;1;10;;;;;;;;;;;;;;;;;;;
ftv47.atsp;10009;ms;1905;225;150;3;0.15;2;1;2;35;1;10;1878,8;1816;;;;;;;;;;;;;;;;;
ftv47.atsp;10025;ms;1816;226;150;3;0.15;2;1;2;45;1;10;;;;;;;;;;;;;;;;;;;
ftv47.atsp;10006;ms;1979;228;150;3;0.15;2;1;2;45;1;10;;;;;;;;;;;;;;;;;;;
ftv47.atsp;10026;ms;1816;229;150;3;0.15;2;1;2;45;1;10;;;;;;;;;;;;;;;;;;;
ftv47.atsp;10032;ms;1881;228;150;3;0.15;2;1;2;45;1;10;;;;;;;;;;;;;;;;;;;
ftv47.atsp;10035;ms;1853;228;150;3;0.15;2;1;2;45;1;10;;;;;;;;;;;;;;;;;;;
ftv47.atsp;10026;ms;1886;226;150;3;0.15;2;1;2;45;1;10;;;;;;;;;;;;;;;;;;;
ftv47.atsp;10001;ms;1828;227;150;3;0.15;2;1;2;45;1;10;;;;;;;;;;;;;;;;;;;
ftv47.atsp;10011;ms;1886;226;150;3;0.15;2;1;2;45;1;10;;;;;;;;;;;;;;;;;;;
ftv47.atsp;10009;ms;1872;220;150;3;0.15;2;1;2;45;1;10;;;;;;;;;;;;;;;;;;;
ftv47.atsp;10017;ms;1886;229;150;3;0.15;2;1;2;45;1;10;;;;;;;;;;;;;;;;;;;
ftv47.atsp;10017;ms;1819;219;150;3;0.15;2;1;2;45;1;10;;;;;;;;;;;;;;;;;;;
ftv47.atsp;10018;ms;1853;207;150;3;0.15;2;1;2;45;1;10;;;;;;;;;;;;;;;;;;;
ftv47.atsp;10014;ms;1917;199;150;3;0.15;2;1;2;45;1;10;;;;;;;;;;;;;;;;;;;
ftv47.atsp;10027;ms;1872;214;150;3;0.15;2;1;2;45;1;10;;;;;;;;;;;;;;;;;;;
ftv47.atsp;10002;ms;1830;229;150;3;0.15;2;1;2;45;1;10;;;;;;;;;;;;;;;;;;;
ftv47.atsp;10020;ms;1916;230;150;3;0.15;2;1;2;45;1;10;;;;;;;;;;;;;;;;;;;
ftv47.atsp;10001;ms;1826;218;150;3;0.15;2;1;2;45;1;10;;;;;;;;;;;;;;;;;;;
ftv47.atsp;10021;ms;1864;198;150;3;0.15;2;1;2;45;1;10;;;;;;;;;;;;;;;;;;;
ftv47.atsp;10003;ms;2002;202;150;3;0.15;2;1;2;45;1;10;;;;;;;;;;;;;;;;;;;
ftv47.atsp;10036;ms;1865;198;150;3;0.15;2;1;2;45;1;10;1873,35;1816;;;;;;;;;;;;;;;;;
